asset,kit,piece,size_m_WxDxH,pivot,lod0_tris,art_set,status,owner,notes
SM_KIT_KES_Wall25,KIT-KES,Wall 2.5,2.5x0.3x3,corner,400,IND,Not started,,
SM_KIT_KES_Wall50,KIT-KES,Wall 5.0,5x0.3x3,corner,600,IND,Not started,,
SM_KIT_KES_WallDoor12,KIT-KES,Wall Door 1.2,2.5x0.3x3,corner,700,IND,Not started,,1.2 × 2.2 m opening
SM_KIT_KES_WallWindow,KIT-KES,Wall Window,2.5x0.3x3,corner,700,IND,Not started,,Sill at 1.0 m
SM_KIT_KES_WallCornerOut,KIT-KES,Wall Corner Out,0.3x0.3x3,corner,150,IND,Not started,,
SM_KIT_KES_Floor25,KIT-KES,Floor 2.5,2.5x2.5x0.2,corner,200,IND,Not started,,
SM_KIT_KES_FloorGrate25,KIT-KES,Floor Grate 2.5,2.5x2.5x0.15,corner,600,IND,Not started,,Masked grate trim
SM_KIT_KES_Ceiling25,KIT-KES,Ceiling 2.5,2.5x2.5x0.3,corner,300,IND,Not started,,
SM_KIT_KES_Pillar,KIT-KES,Pillar,0.6x0.6x3,bottom-center,300,IND,Not started,,
SM_KIT_KES_Stairs3M,KIT-KES,Stairs 3 m,2.5x5x3,corner,1500,IND,Not started,,0.18 rise / 0.28 run
SM_KIT_KES_Railing25,KIT-KES,Railing 2.5,2.5x0.1x1.1,corner,400,IND,Not started,,
SM_KIT_KES_Catwalk25,KIT-KES,Catwalk 2.5,2.5x1.5x0.15,corner,600,IND,Not started,,
SM_KIT_KES_PipeRun5M,KIT-KES,Pipe Run 5 m,5x0.6x0.6,corner,800,IND,Not started,,
SM_KIT_KES_CableTray5M,KIT-KES,Cable Tray 5 m,5x0.5x0.2,corner,500,IND,Not started,,
SM_KIT_KES_HangarDoor30x15,KIT-KES,Hangar Door 30×15,30x1x15,corner,6000,IND,Not started,,Segmented; animated
SM_KIT_KES_BlastDoorFrame,KIT-KES,Blast Door Frame,5x1x5,corner,2000,IND,Not started,,
SM_KIT_TWN_HouseWall5,KIT-TWN,House Wall 5,5x0.25x3,corner,500,DOM,Not started,,
SM_KIT_TWN_HouseWallDoor,KIT-TWN,House Wall Door,5x0.25x3,corner,900,DOM,Not started,,
SM_KIT_TWN_HouseWallWindow,KIT-TWN,House Wall Window,5x0.25x3,corner,900,DOM,Not started,,
SM_KIT_TWN_RoofGable5,KIT-TWN,Roof Gable 5,5x5x2.5,corner,700,DOM,Not started,,
SM_KIT_TWN_Porch5,KIT-TWN,Porch 5,5x2.5x3,corner,1500,DOM,Not started,,
SM_KIT_TWN_Storefront10,KIT-TWN,Storefront 10,10x1x4.5,corner,2500,DOM,Not started,,
SM_KIT_TWN_Road10MTwoWay,KIT-TWN,Road 10 m (two-way),8x10x0.2,corner,300,DOM,Not started,,Lanes 4 m
SM_KIT_TWN_Sidewalk10M,KIT-TWN,Sidewalk 10 m,2x10x0.2,corner,200,DOM,Not started,,
SM_KIT_TWN_CurbCorner,KIT-TWN,Curb Corner,2x2x0.2,corner,300,DOM,Not started,,
SM_KIT_TWN_Streetlight,KIT-TWN,Streetlight,0.4x1.5x7,bottom-center,800,DOM,Not started,,
SM_KIT_TWN_Fence25,KIT-TWN,Fence 2.5,2.5x0.1x1.8,corner,400,DOM,Not started,,
SM_KIT_TWN_WaterTower,KIT-TWN,Water Tower,10x10x30,bottom-center,6000,DOM,Not started,,Township landmark
SM_KIT_TRM_GlassCurtainWall5,KIT-TRM,Glass Curtain Wall 5,5x0.3x12,corner,1200,IND,Not started,,
SM_KIT_TRM_GateDesk,KIT-TRM,Gate Desk,4x1.5x1.2,bottom-center,1500,IND,Not started,,
SM_KIT_TRM_SeatingRow,KIT-TRM,Seating Row,5x0.8x1,corner,1800,IND,Not started,,
SM_KIT_TRM_SkywalkSegment10,KIT-TRM,Skywalk Segment 10,10x6x4,corner,3000,IND,Not started,,Destructible (collapse set piece)
SM_KIT_TRM_BaggageCarousel,KIT-TRM,Baggage Carousel,12x6x1,bottom-center,3500,IND,Not started,,
SM_KIT_TRM_DepartureBoard,KIT-TRM,Departure Board,4x0.3x2,bottom-center,600,IND,Not started,,Emissive screen
SM_KIT_TRM_SecurityScanner,KIT-TRM,Security Scanner,1.5x2.5x2.3,bottom-center,1200,IND,Not started,,
SM_KIT_MIN_Tunnel4MArch10,KIT-MIN,Tunnel 4 m Arch 10,4x10x4,bottom-center,1200,IND,Not started,,
SM_KIT_MIN_TunnelJunctionT,KIT-MIN,Tunnel Junction T,8x8x4,bottom-center,2000,IND,Not started,,
SM_KIT_MIN_TimberSupport,KIT-MIN,Timber Support,4.5x0.4x4.2,bottom-center,500,IND,Not started,,
SM_KIT_MIN_Rail10M,KIT-MIN,Rail 10 m,1.2x10x0.3,bottom-center,400,IND,Not started,,
SM_KIT_MIN_OreCart,KIT-MIN,Ore Cart,1.2x2x1.2,bottom-center,1200,IND,Not started,,
SM_KIT_MIN_ElevatorCage,KIT-MIN,Elevator Cage,3x3x3,bottom-center,1500,IND,Not started,,
SM_KIT_MIN_HeadFrameTower,KIT-MIN,Head-frame Tower,12x12x45,bottom-center,8000,IND,Not started,,Landmark
SM_KIT_MIN_LunarDome20,KIT-MIN,Lunar Dome 20,20x20x10,bottom-center,4000,IND,Not started,,
SM_KIT_HAV_ModuleCylinder12M,KIT-HAV,Module Cylinder 12 m,5x12x5,center,3000,IND,Not started,,5 m diameter pressurized
SM_KIT_HAV_Node6Way,KIT-HAV,Node 6-way,6x6x6,center,3500,IND,Not started,,
SM_KIT_HAV_HatchRing,KIT-HAV,Hatch Ring,5x0.6x5,center,1200,IND,Not started,,
SM_KIT_HAV_HullPlate25,KIT-HAV,Hull Plate 2.5,2.5x2.5x0.2,corner,200,IND,Not started,,
SM_KIT_HAV_Truss10M,KIT-HAV,Truss 10 m,1.5x10x1.5,center,900,IND,Not started,,
SM_KIT_HAV_SolarWing20,KIT-HAV,Solar Wing 20,20x6x0.3,center,1500,IND,Not started,,
SM_KIT_HAV_ObservationCupola,KIT-HAV,Observation Cupola,6x6x4,bottom-center,3000,IND,Not started,,
SM_KIT_HAV_InteriorRackWall,KIT-HAV,Interior Rack Wall,5x0.6x2.5,corner,1500,IND,Not started,,
SM_KIT_DIR_Corridor5M,KIT-DIR,Corridor 5 m,4x5x3.5,bottom-center,1500,DIR,Not started,,
SM_KIT_DIR_CorridorCorner,KIT-DIR,Corridor Corner,4x4x3.5,bottom-center,1800,DIR,Not started,,
SM_KIT_DIR_LabWall5,KIT-DIR,Lab Wall 5,5x0.4x3.5,corner,900,DIR,Not started,,
SM_KIT_DIR_HoloWall,KIT-DIR,Holo Wall,5x0.3x3.5,corner,800,DIR,Not started,,Emissive
SM_KIT_DIR_NullCarrierPod,KIT-DIR,Null-carrier Pod,1.5x1.5x2.4,bottom-center,2500,DIR,Not started,,
SM_KIT_DIR_CheckpointGate,KIT-DIR,Checkpoint Gate,4x2x3,bottom-center,2000,DIR,Not started,,
SM_KIT_DIR_PrefabBarracks15,KIT-DIR,Prefab Barracks 15,15x8x4,corner,3000,DIR,Not started,,
SM_KIT_HAU_Container12M,KIT-HAU,Container 12 m,2.5x12x2.6,corner,500,HAU,Not started,,
SM_KIT_HAU_ContainerStackX3,KIT-HAU,Container Stack ×3,2.5x12x7.8,corner,1300,HAU,Not started,,
SM_KIT_HAU_CatwalkBridge10,KIT-HAU,Catwalk Bridge 10,2x10x1.2,corner,900,HAU,Not started,,
SM_KIT_HAU_MarketStall,KIT-HAU,Market Stall,4x3x3,corner,2000,HAU,Not started,,
SM_KIT_HAU_RockCavernWall20,KIT-HAU,Rock Cavern Wall 20,20x5x15,corner,4000,HAU,Not started,,
SM_KIT_HAU_NeonSign,KIT-HAU,Neon Sign,6x0.3x2,bottom-center,800,HAU,Not started,,
SM_KIT_SOW_RibArch5,KIT-SOW,Rib Arch 5,5x2x6,bottom-center,2500,SOW,Not started,,
SM_KIT_SOW_CoralWall5,KIT-SOW,Coral Wall 5,5x1.5x5,corner,3000,SOW,Not started,,
SM_KIT_SOW_GlyphDoor,KIT-SOW,Glyph Door,4x1x5,bottom-center,3000,SOW,Not started,,Iris; emissive
SM_KIT_SOW_BreathingFloor5,KIT-SOW,Breathing Floor 5,5x5x0.5,corner,1500,SOW,Not started,,Vertex-animated
SM_KIT_SOW_ShellPillar,KIT-SOW,Shell Pillar,1.5x1.5x8,bottom-center,2000,SOW,Not started,,
SM_KIT_SOW_FilamentBridge10,KIT-SOW,Filament Bridge 10,2.5x10x1,bottom-center,2500,SOW,Not started,,
SM_KIT_SEE_RootCorridor10,KIT-SEE,Root Corridor 10,6x10x6,bottom-center,3500,SOW,Not started,,
SM_KIT_SEE_PetalWall,KIT-SEE,Petal Wall,8x2x10,bottom-center,3000,SOW,Not started,,
SM_KIT_SEE_PetalGate,KIT-SEE,Petal-gate,30x10x40,bottom-center,12000,SOW,Not started,,
SM_KIT_SEE_LivingBridge20,KIT-SEE,Living Bridge 20,3x20x2,bottom-center,3000,SOW,Not started,,
SM_KIT_SEE_HeartChamberShell,KIT-SEE,Heart Chamber Shell,40x40x30,bottom-center,20000,SOW,Not started,,
SM_KIT_ICE_IceTunnel10,KIT-ICE,Ice Tunnel 10,5x10x5,bottom-center,2000,SOW,Not started,,
SM_KIT_ICE_IceChamber,KIT-ICE,Ice Chamber,20x20x12,bottom-center,5000,SOW,Not started,,
SM_KIT_ICE_CandleAlcove,KIT-ICE,Candle Alcove,2x1x2.5,corner,1200,SOW,Not started,,
SM_KIT_ICE_CathedralButtress,KIT-ICE,Cathedral Buttress,4x10x25,corner,5000,SOW,Not started,,
SM_KIT_ICE_CrevasseBridge,KIT-ICE,Crevasse Bridge,3x15x1,bottom-center,1500,SOW,Not started,,
SM_KIT_DST_RockClusterS,KIT-DST,Rock Cluster S,3x3x2,bottom-center,1500,IND,Not started,,
SM_KIT_DST_RockClusterL,KIT-DST,Rock Cluster L,12x10x8,bottom-center,4000,IND,Not started,,
SM_KIT_DST_MesaCliff50,KIT-DST,Mesa Cliff 50,50x20x40,bottom-center,8000,IND,Not started,,
SM_KIT_DST_DryWashBank20,KIT-DST,Dry Wash Bank 20,20x5x3,corner,1500,IND,Not started,,
SM_KIT_DST_JoshuaTree,KIT-DST,Joshua Tree,4x4x6,bottom-center,2500,IND,Not started,,
SM_KIT_DST_SagebrushPatch,KIT-DST,Sagebrush Patch,3x3x0.8,bottom-center,800,IND,Not started,,
SM_KIT_DST_HighwayBarrier5,KIT-DST,Highway Barrier 5,5x0.6x0.9,corner,300,IND,Not started,,
SM_KIT_JUN_GiantRootArch,KIT-JUN,Giant Root Arch,15x5x12,bottom-center,5000,SOW,Not started,,
SM_KIT_JUN_VioletTree,KIT-JUN,Violet Tree,6x6x25,bottom-center,6000,SOW,Not started,,
SM_KIT_JUN_FernCluster,KIT-JUN,Fern Cluster,3x3x1.5,bottom-center,1500,SOW,Not started,,
SM_KIT_JUN_BioluminescentPodCluster,KIT-JUN,Bioluminescent Pod Cluster,2x2x1.5,bottom-center,1200,SOW,Not started,,
SM_KIT_JUN_CoastalRock,KIT-JUN,Coastal Rock,8x6x5,bottom-center,3000,SOW,Not started,,
SM_KIT_BLM_BloomVeinDecalSet,KIT-BLM,Bloom Vein Decal Set,4x4x0.05,center,300,SOW,Not started,,Mesh decals
SM_KIT_BLM_BloomGrowthS,KIT-BLM,Bloom Growth S,1x1x1,bottom-center,800,SOW,Not started,,
SM_KIT_BLM_BloomGrowthL,KIT-BLM,Bloom Growth L,4x4x3,bottom-center,3000,SOW,Not started,,
SM_KIT_BLM_BloomRootTendril5,KIT-BLM,Bloom Root Tendril 5,0.6x5x0.6,corner,1200,SOW,Not started,,
SM_KIT_BLM_BloomHeartCore,KIT-BLM,Bloom Heart Core,20x20x25,bottom-center,15000,SOW,Not started,,
SM_KIT_BLM_BloomRootNode,KIT-BLM,Bloom Root Node,6x6x5,bottom-center,4000,SOW,Not started,,
SM_KIT_BLM_SporeChimney,KIT-BLM,Spore Chimney,2x2x6,bottom-center,2000,SOW,Not started,,Emissive vent
