asset,count,character_id,character,group,type,contents,tier,skeleton,size,lod0_tris,lod1_tris,lod2_tris,lod3_tris,textures,facial_set,facial_capture,blend_path,status,owner,notes
SK_CHR_Wrench,1,PLY-001,Wrench (Ren Okafor),PLY,Base,Base body + head (default outfit and hair for budget checks),Hero,"EXO_Humanoid (UE5 mannequin-compatible), adult, athletic",1.78 m tall,160000,80000,32000,9600,Head 4K (BC/N/ORM/SSS + 2 wrinkle normals) · Body 4K · Outfit 2× 4K · Hair 4K · Eyes 2K · Teeth & tongue 1K,hero,yes,assets/characters/player-character/SK_CHR_Wrench.blend,Greybox built,,"Includes head, body skin and the default outfit and hair when checking the full-character budget."
SK_CHR_Wrench_Outfit_KestrelCoveralls,1,PLY-001,Wrench (Ren Okafor),PLY,Outfit,Kestrel Coveralls,Hero,"EXO_Humanoid (UE5 mannequin-compatible), adult, athletic",1.78 m tall,85000,42500,17000,5100,Head 4K (BC/N/ORM/SSS + 2 wrinkle normals) · Body 4K · Outfit 2× 4K · Hair 4K · Eyes 2K · Teeth & tongue 1K,hero,yes,assets/characters/player-character/SK_CHR_Wrench_Outfit_KestrelCoveralls.blend,Greybox built,,Prologue–Act I
SK_CHR_Wrench_Outfit_SurvivorLayers,1,PLY-001,Wrench (Ren Okafor),PLY,Outfit,Survivor Layers,Hero,"EXO_Humanoid (UE5 mannequin-compatible), adult, athletic",1.78 m tall,85000,42500,17000,5100,Head 4K (BC/N/ORM/SSS + 2 wrinkle normals) · Body 4K · Outfit 2× 4K · Hair 4K · Eyes 2K · Teeth & tongue 1K,hero,yes,assets/characters/player-character/SK_CHR_Wrench_Outfit_SurvivorLayers.blend,Greybox built,,Act I (after M1.01)
SK_CHR_Wrench_Outfit_ColonyCasual,1,PLY-001,Wrench (Ren Okafor),PLY,Outfit,Colony Casual,Hero,"EXO_Humanoid (UE5 mannequin-compatible), adult, athletic",1.78 m tall,85000,42500,17000,5100,Head 4K (BC/N/ORM/SSS + 2 wrinkle normals) · Body 4K · Outfit 2× 4K · Hair 4K · Eyes 2K · Teeth & tongue 1K,hero,yes,assets/characters/player-character/SK_CHR_Wrench_Outfit_ColonyCasual.blend,Greybox built,,Act II+ (hearth scenes)
SK_CHR_Wrench_Hair_Twists,1,PLY-001,Wrench (Ren Okafor),PLY,Hair,Short twists (default) (cards),Hero,"EXO_Humanoid (UE5 mannequin-compatible), adult, athletic",1.78 m tall,40000,20000,8000,2400,Head 4K (BC/N/ORM/SSS + 2 wrinkle normals) · Body 4K · Outfit 2× 4K · Hair 4K · Eyes 2K · Teeth & tongue 1K,hero,yes,assets/characters/player-character/SK_CHR_Wrench_Hair_Twists.blend,Greybox built,,
SK_CHR_Wrench_Arms1P_KestrelCoveralls,1,PLY-001,Wrench (Ren Okafor),PLY,1P arms,First-person arms — Kestrel Coveralls,Hero,"EXO_Humanoid (UE5 mannequin-compatible), adult, athletic",1.78 m tall,25000,12500,5000,1500,Head 4K (BC/N/ORM/SSS + 2 wrinkle normals) · Body 4K · Outfit 2× 4K · Hair 4K · Eyes 2K · Teeth & tongue 1K,hero,yes,assets/characters/player-character/SK_CHR_Wrench_Arms1P_KestrelCoveralls.blend,Greybox built,,
SK_CHR_Wrench_Arms1P_SurvivorLayers,1,PLY-001,Wrench (Ren Okafor),PLY,1P arms,First-person arms — Survivor Layers,Hero,"EXO_Humanoid (UE5 mannequin-compatible), adult, athletic",1.78 m tall,25000,12500,5000,1500,Head 4K (BC/N/ORM/SSS + 2 wrinkle normals) · Body 4K · Outfit 2× 4K · Hair 4K · Eyes 2K · Teeth & tongue 1K,hero,yes,assets/characters/player-character/SK_CHR_Wrench_Arms1P_SurvivorLayers.blend,Greybox built,,
SK_CHR_Wrench_Arms1P_ColonyCasual,1,PLY-001,Wrench (Ren Okafor),PLY,1P arms,First-person arms — Colony Casual,Hero,"EXO_Humanoid (UE5 mannequin-compatible), adult, athletic",1.78 m tall,25000,12500,5000,1500,Head 4K (BC/N/ORM/SSS + 2 wrinkle normals) · Body 4K · Outfit 2× 4K · Hair 4K · Eyes 2K · Teeth & tongue 1K,hero,yes,assets/characters/player-character/SK_CHR_Wrench_Arms1P_ColonyCasual.blend,Greybox built,,
SK_CHR_AdaOkafor,1,CST-001,Ada Okafor,CST,Base,Base body + head (default outfit and hair for budget checks),Hero,"EXO_Humanoid (UE5 mannequin-compatible), adult, athletic",1.74 m tall,160000,80000,32000,9600,Head 4K (BC/N/ORM/SSS + 2 wrinkle normals) · Body 4K · Outfit 2× 4K · Hair 4K · Eyes 2K · Teeth & tongue 1K,hero,yes,assets/characters/story-cast/SK_CHR_AdaOkafor.blend,Greybox built,,"Includes head, body skin and the default outfit and hair when checking the full-character budget."
SK_CHR_AdaOkafor_Outfit_FlightSuit,1,CST-001,Ada Okafor,CST,Outfit,Directorate Flight Suit,Hero,"EXO_Humanoid (UE5 mannequin-compatible), adult, athletic",1.74 m tall,85000,42500,17000,5100,Head 4K (BC/N/ORM/SSS + 2 wrinkle normals) · Body 4K · Outfit 2× 4K · Hair 4K · Eyes 2K · Teeth & tongue 1K,hero,yes,assets/characters/story-cast/SK_CHR_AdaOkafor_Outfit_FlightSuit.blend,Greybox built,,Prologue–Act II
SK_CHR_AdaOkafor_Outfit_CombatEVA,1,CST-001,Ada Okafor,CST,Outfit,Directorate Combat EVA,Hero,"EXO_Humanoid (UE5 mannequin-compatible), adult, athletic",1.74 m tall,85000,42500,17000,5100,Head 4K (BC/N/ORM/SSS + 2 wrinkle normals) · Body 4K · Outfit 2× 4K · Hair 4K · Eyes 2K · Teeth & tongue 1K,hero,yes,assets/characters/story-cast/SK_CHR_AdaOkafor_Outfit_CombatEVA.blend,Greybox built,,"M2.07, M3.05"
SK_CHR_AdaOkafor_Outfit_OffDuty,1,CST-001,Ada Okafor,CST,Outfit,Off-Duty Uniform,Hero,"EXO_Humanoid (UE5 mannequin-compatible), adult, athletic",1.74 m tall,85000,42500,17000,5100,Head 4K (BC/N/ORM/SSS + 2 wrinkle normals) · Body 4K · Outfit 2× 4K · Hair 4K · Eyes 2K · Teeth & tongue 1K,hero,yes,assets/characters/story-cast/SK_CHR_AdaOkafor_Outfit_OffDuty.blend,Greybox built,,M3.07 (Meridian)
SK_CHR_AdaOkafor_Outfit_Defector,1,CST-001,Ada Okafor,CST,Outfit,Defector Flight Suit,Hero,"EXO_Humanoid (UE5 mannequin-compatible), adult, athletic",1.74 m tall,85000,42500,17000,5100,Head 4K (BC/N/ORM/SSS + 2 wrinkle normals) · Body 4K · Outfit 2× 4K · Hair 4K · Eyes 2K · Teeth & tongue 1K,hero,yes,assets/characters/story-cast/SK_CHR_AdaOkafor_Outfit_Defector.blend,Greybox built,,M3.08–Act IV (if defected)
SK_CHR_AdaOkafor_Outfit_SeraphPilot,1,CST-001,Ada Okafor,CST,Outfit,Seraph Exo-frame Pilot,Hero,"EXO_Humanoid (UE5 mannequin-compatible), adult, athletic",1.74 m tall,85000,42500,17000,5100,Head 4K (BC/N/ORM/SSS + 2 wrinkle normals) · Body 4K · Outfit 2× 4K · Hair 4K · Eyes 2K · Teeth & tongue 1K,hero,yes,assets/characters/story-cast/SK_CHR_AdaOkafor_Outfit_SeraphPilot.blend,Greybox built,,M4.03 (if loyal)
SK_CHR_AdaOkafor_Hair_BunTight,1,CST-001,Ada Okafor,CST,Hair,Tight bun (cards),Hero,"EXO_Humanoid (UE5 mannequin-compatible), adult, athletic",1.74 m tall,40000,20000,8000,2400,Head 4K (BC/N/ORM/SSS + 2 wrinkle normals) · Body 4K · Outfit 2× 4K · Hair 4K · Eyes 2K · Teeth & tongue 1K,hero,yes,assets/characters/story-cast/SK_CHR_AdaOkafor_Hair_BunTight.blend,Greybox built,,
SK_CHR_AdaOkafor_Hair_BunFrayed,1,CST-001,Ada Okafor,CST,Hair,Frayed bun (cards),Hero,"EXO_Humanoid (UE5 mannequin-compatible), adult, athletic",1.74 m tall,40000,20000,8000,2400,Head 4K (BC/N/ORM/SSS + 2 wrinkle normals) · Body 4K · Outfit 2× 4K · Hair 4K · Eyes 2K · Teeth & tongue 1K,hero,yes,assets/characters/story-cast/SK_CHR_AdaOkafor_Hair_BunFrayed.blend,Greybox built,,
SK_CHR_AdaOkafor_Hair_HalfDown,1,CST-001,Ada Okafor,CST,Hair,Half down (cards),Hero,"EXO_Humanoid (UE5 mannequin-compatible), adult, athletic",1.74 m tall,40000,20000,8000,2400,Head 4K (BC/N/ORM/SSS + 2 wrinkle normals) · Body 4K · Outfit 2× 4K · Hair 4K · Eyes 2K · Teeth & tongue 1K,hero,yes,assets/characters/story-cast/SK_CHR_AdaOkafor_Hair_HalfDown.blend,Greybox built,,
SK_CHR_TugBrennan,1,CST-002,"Tobias ""Tug"" Brennan",CST,Base,Base body + head (default outfit and hair for budget checks),Main,"EXO_Humanoid (UE5 mannequin-compatible), adult, broad / heavy",1.88 m tall,110000,55000,22000,6600,Head 4K (BC/N/ORM/SSS + 1 wrinkle normal) · Body 4K · Outfit 4K · Hair 2K · Eyes 1K,main,yes,assets/characters/story-cast/SK_CHR_TugBrennan.blend,Greybox built,,"Includes head, body skin and the default outfit and hair when checking the full-character budget."
SK_CHR_TugBrennan_Outfit_MechanicCoveralls,1,CST-002,"Tobias ""Tug"" Brennan",CST,Outfit,Mechanic Coveralls,Main,"EXO_Humanoid (UE5 mannequin-compatible), adult, broad / heavy",1.88 m tall,50000,25000,10000,3000,Head 4K (BC/N/ORM/SSS + 1 wrinkle normal) · Body 4K · Outfit 4K · Hair 2K · Eyes 1K,main,yes,assets/characters/story-cast/SK_CHR_TugBrennan_Outfit_MechanicCoveralls.blend,Greybox built,,Prologue–Act I
SK_CHR_TugBrennan_Outfit_StationJumpsuit,1,CST-002,"Tobias ""Tug"" Brennan",CST,Outfit,Station Jumpsuit,Main,"EXO_Humanoid (UE5 mannequin-compatible), adult, broad / heavy",1.88 m tall,50000,25000,10000,3000,Head 4K (BC/N/ORM/SSS + 1 wrinkle normal) · Body 4K · Outfit 4K · Hair 2K · Eyes 1K,main,yes,assets/characters/story-cast/SK_CHR_TugBrennan_Outfit_StationJumpsuit.blend,Greybox built,,Act II
SK_CHR_TugBrennan_Outfit_ChiefEngineer,1,CST-002,"Tobias ""Tug"" Brennan",CST,Outfit,Chief Engineer Rig,Main,"EXO_Humanoid (UE5 mannequin-compatible), adult, broad / heavy",1.88 m tall,50000,25000,10000,3000,Head 4K (BC/N/ORM/SSS + 1 wrinkle normal) · Body 4K · Outfit 4K · Hair 2K · Eyes 1K,main,yes,assets/characters/story-cast/SK_CHR_TugBrennan_Outfit_ChiefEngineer.blend,Greybox built,,Acts III–IV
SK_CHR_TugBrennan_Hair_CapFringe,1,CST-002,"Tobias ""Tug"" Brennan",CST,Hair,Fringe under cap (cards),Main,"EXO_Humanoid (UE5 mannequin-compatible), adult, broad / heavy",1.88 m tall,30000,15000,6000,1800,Head 4K (BC/N/ORM/SSS + 1 wrinkle normal) · Body 4K · Outfit 4K · Hair 2K · Eyes 1K,main,yes,assets/characters/story-cast/SK_CHR_TugBrennan_Hair_CapFringe.blend,Greybox built,,
SK_CHR_TugBrennan_Hair_Beard,1,CST-002,"Tobias ""Tug"" Brennan",CST,Hair,Full beard (cards),Main,"EXO_Humanoid (UE5 mannequin-compatible), adult, broad / heavy",1.88 m tall,30000,15000,6000,1800,Head 4K (BC/N/ORM/SSS + 1 wrinkle normal) · Body 4K · Outfit 4K · Hair 2K · Eyes 1K,main,yes,assets/characters/story-cast/SK_CHR_TugBrennan_Hair_Beard.blend,Greybox built,,
SK_CHR_LilyChen,1,CST-003,Lily Chen,CST,Base,Base body + head (default outfit and hair for budget checks),Hero,"EXO_Humanoid (UE5 mannequin-compatible), child (8–12)",1.45 m tall,160000,80000,32000,9600,Head 4K (BC/N/ORM/SSS + 2 wrinkle normals) · Body 4K · Outfit 2× 4K · Hair 4K · Eyes 2K · Teeth & tongue 1K,hero,yes,assets/characters/story-cast/SK_CHR_LilyChen.blend,Greybox built,,"Includes head, body skin and the default outfit and hair when checking the full-character budget."
SK_CHR_LilyChen_Outfit_School,1,CST-003,Lily Chen,CST,Outfit,School Clothes & Hoodie,Hero,"EXO_Humanoid (UE5 mannequin-compatible), child (8–12)",1.45 m tall,85000,42500,17000,5100,Head 4K (BC/N/ORM/SSS + 2 wrinkle normals) · Body 4K · Outfit 2× 4K · Hair 4K · Eyes 2K · Teeth & tongue 1K,hero,yes,assets/characters/story-cast/SK_CHR_LilyChen_Outfit_School.blend,Greybox built,,Act I
SK_CHR_LilyChen_Outfit_StationKid,1,CST-003,Lily Chen,CST,Outfit,Station Kid,Hero,"EXO_Humanoid (UE5 mannequin-compatible), child (8–12)",1.45 m tall,85000,42500,17000,5100,Head 4K (BC/N/ORM/SSS + 2 wrinkle normals) · Body 4K · Outfit 2× 4K · Hair 4K · Eyes 2K · Teeth & tongue 1K,hero,yes,assets/characters/story-cast/SK_CHR_LilyChen_Outfit_StationKid.blend,Greybox built,,Act II
SK_CHR_LilyChen_Outfit_KidEVA,1,CST-003,Lily Chen,CST,Outfit,Tug-Built Kid EVA Suit,Hero,"EXO_Humanoid (UE5 mannequin-compatible), child (8–12)",1.45 m tall,85000,42500,17000,5100,Head 4K (BC/N/ORM/SSS + 2 wrinkle normals) · Body 4K · Outfit 2× 4K · Hair 4K · Eyes 2K · Teeth & tongue 1K,hero,yes,assets/characters/story-cast/SK_CHR_LilyChen_Outfit_KidEVA.blend,Greybox built,,Acts III–IV
SK_CHR_LilyChen_Outfit_PrisonerGown,1,CST-003,Lily Chen,CST,Outfit,Meridian Prisoner Gown,Hero,"EXO_Humanoid (UE5 mannequin-compatible), child (8–12)",1.45 m tall,85000,42500,17000,5100,Head 4K (BC/N/ORM/SSS + 2 wrinkle normals) · Body 4K · Outfit 2× 4K · Hair 4K · Eyes 2K · Teeth & tongue 1K,hero,yes,assets/characters/story-cast/SK_CHR_LilyChen_Outfit_PrisonerGown.blend,Greybox built,,M3.07
SK_CHR_LilyChen_Hair_BobUneven,1,CST-003,Lily Chen,CST,Hair,Uneven bob (cards),Hero,"EXO_Humanoid (UE5 mannequin-compatible), child (8–12)",1.45 m tall,40000,20000,8000,2400,Head 4K (BC/N/ORM/SSS + 2 wrinkle normals) · Body 4K · Outfit 2× 4K · Hair 4K · Eyes 2K · Teeth & tongue 1K,hero,yes,assets/characters/story-cast/SK_CHR_LilyChen_Hair_BobUneven.blend,Greybox built,,
SK_CHR_LilyChen_Hair_SelfCut,1,CST-003,Lily Chen,CST,Hair,Self-cut short (cards),Hero,"EXO_Humanoid (UE5 mannequin-compatible), child (8–12)",1.45 m tall,40000,20000,8000,2400,Head 4K (BC/N/ORM/SSS + 2 wrinkle normals) · Body 4K · Outfit 2× 4K · Hair 4K · Eyes 2K · Teeth & tongue 1K,hero,yes,assets/characters/story-cast/SK_CHR_LilyChen_Hair_SelfCut.blend,Greybox built,,
SK_CHR_LilyChenAdult,1,CST-004,Lily Chen (Adult),CST,Base,Base body + head (default outfit and hair for budget checks),Hero,"EXO_Humanoid (UE5 mannequin-compatible), adult, athletic",1.66 m tall,160000,80000,32000,9600,Head 4K (BC/N/ORM/SSS + 2 wrinkle normals) · Body 4K · Outfit 2× 4K · Hair 4K · Eyes 2K · Teeth & tongue 1K,hero,yes,assets/characters/story-cast/SK_CHR_LilyChenAdult.blend,Greybox built,,"Includes head, body skin and the default outfit and hair when checking the full-character budget."
SK_CHR_LilyChenAdult_Outfit_LeaderCoat,1,CST-004,Lily Chen (Adult),CST,Outfit,Leader's Coat,Hero,"EXO_Humanoid (UE5 mannequin-compatible), adult, athletic",1.66 m tall,85000,42500,17000,5100,Head 4K (BC/N/ORM/SSS + 2 wrinkle normals) · Body 4K · Outfit 2× 4K · Hair 4K · Eyes 2K · Teeth & tongue 1K,hero,yes,assets/characters/story-cast/SK_CHR_LilyChenAdult_Outfit_LeaderCoat.blend,Greybox built,,Legacy
SK_CHR_LilyChenAdult_Hair_UndercutLong,1,CST-004,Lily Chen (Adult),CST,Hair,"Undercut, long top (cards)",Hero,"EXO_Humanoid (UE5 mannequin-compatible), adult, athletic",1.66 m tall,40000,20000,8000,2400,Head 4K (BC/N/ORM/SSS + 2 wrinkle normals) · Body 4K · Outfit 2× 4K · Hair 4K · Eyes 2K · Teeth & tongue 1K,hero,yes,assets/characters/story-cast/SK_CHR_LilyChenAdult_Hair_UndercutLong.blend,Greybox built,,
SK_CHR_LilyChenAdult_Arms1P_LeaderCoat,1,CST-004,Lily Chen (Adult),CST,1P arms,First-person arms — Leader's Coat,Hero,"EXO_Humanoid (UE5 mannequin-compatible), adult, athletic",1.66 m tall,25000,12500,5000,1500,Head 4K (BC/N/ORM/SSS + 2 wrinkle normals) · Body 4K · Outfit 2× 4K · Hair 4K · Eyes 2K · Teeth & tongue 1K,hero,yes,assets/characters/story-cast/SK_CHR_LilyChenAdult_Arms1P_LeaderCoat.blend,Greybox built,,
SK_CHR_MaraVoss,1,CST-005,Dr. Mara Voss,CST,Base,Base body + head (default outfit and hair for budget checks),Main,"EXO_Humanoid (UE5 mannequin-compatible), adult, slim",1.68 m tall,110000,55000,22000,6600,Head 4K (BC/N/ORM/SSS + 1 wrinkle normal) · Body 4K · Outfit 4K · Hair 2K · Eyes 1K,main,yes,assets/characters/story-cast/SK_CHR_MaraVoss.blend,Greybox built,,"Includes head, body skin and the default outfit and hair when checking the full-character budget."
SK_CHR_MaraVoss_Outfit_BSL4Suit,1,CST-005,Dr. Mara Voss,CST,Outfit,Torn BSL-4 Suit,Main,"EXO_Humanoid (UE5 mannequin-compatible), adult, slim",1.68 m tall,50000,25000,10000,3000,Head 4K (BC/N/ORM/SSS + 1 wrinkle normal) · Body 4K · Outfit 4K · Hair 2K · Eyes 1K,main,yes,assets/characters/story-cast/SK_CHR_MaraVoss_Outfit_BSL4Suit.blend,Greybox built,,M1.04
SK_CHR_MaraVoss_Outfit_LabWear,1,CST-005,Dr. Mara Voss,CST,Outfit,Station Lab Wear,Main,"EXO_Humanoid (UE5 mannequin-compatible), adult, slim",1.68 m tall,50000,25000,10000,3000,Head 4K (BC/N/ORM/SSS + 1 wrinkle normal) · Body 4K · Outfit 4K · Hair 2K · Eyes 1K,main,yes,assets/characters/story-cast/SK_CHR_MaraVoss_Outfit_LabWear.blend,Greybox built,,Act II
SK_CHR_MaraVoss_Outfit_FieldResearcher,1,CST-005,Dr. Mara Voss,CST,Outfit,Field Researcher,Main,"EXO_Humanoid (UE5 mannequin-compatible), adult, slim",1.68 m tall,50000,25000,10000,3000,Head 4K (BC/N/ORM/SSS + 1 wrinkle normal) · Body 4K · Outfit 4K · Hair 2K · Eyes 1K,main,yes,assets/characters/story-cast/SK_CHR_MaraVoss_Outfit_FieldResearcher.blend,Greybox built,,Act III
SK_CHR_MaraVoss_Outfit_Frail,1,CST-005,Dr. Mara Voss,CST,Outfit,Frail (post-treatment),Main,"EXO_Humanoid (UE5 mannequin-compatible), adult, slim",1.68 m tall,50000,25000,10000,3000,Head 4K (BC/N/ORM/SSS + 1 wrinkle normal) · Body 4K · Outfit 4K · Hair 2K · Eyes 1K,main,yes,assets/characters/story-cast/SK_CHR_MaraVoss_Outfit_Frail.blend,Greybox built,,M3.06+ (Lily's-blood treatment)
SK_CHR_MaraVoss_Outfit_Cryo,1,CST-005,Dr. Mara Voss,CST,Outfit,Cryo Stasis,Main,"EXO_Humanoid (UE5 mannequin-compatible), adult, slim",1.68 m tall,50000,25000,10000,3000,Head 4K (BC/N/ORM/SSS + 1 wrinkle normal) · Body 4K · Outfit 4K · Hair 2K · Eyes 1K,main,yes,assets/characters/story-cast/SK_CHR_MaraVoss_Outfit_Cryo.blend,Greybox built,,M3.06+ (cryo option)
SK_CHR_MaraVoss_Hair_ShortStreak,1,CST-005,Dr. Mara Voss,CST,Hair,Short with silver streak (cards),Main,"EXO_Humanoid (UE5 mannequin-compatible), adult, slim",1.68 m tall,30000,15000,6000,1800,Head 4K (BC/N/ORM/SSS + 1 wrinkle normal) · Body 4K · Outfit 4K · Hair 2K · Eyes 1K,main,yes,assets/characters/story-cast/SK_CHR_MaraVoss_Hair_ShortStreak.blend,Greybox built,,
SK_CHR_IdrisKaan,1,CST-006,Sgt. Idris Kaan,CST,Base,Base body + head (default outfit and hair for budget checks),Main,"EXO_Humanoid (UE5 mannequin-compatible), adult, athletic",1.83 m tall,110000,55000,22000,6600,Head 4K (BC/N/ORM/SSS + 1 wrinkle normal) · Body 4K · Outfit 4K · Hair 2K · Eyes 1K,main,yes,assets/characters/story-cast/SK_CHR_IdrisKaan.blend,Greybox built,,"Includes head, body skin and the default outfit and hair when checking the full-character budget."
SK_CHR_IdrisKaan_Outfit_Wounded,1,CST-006,Sgt. Idris Kaan,CST,Outfit,Wounded Trooper,Main,"EXO_Humanoid (UE5 mannequin-compatible), adult, athletic",1.83 m tall,50000,25000,10000,3000,Head 4K (BC/N/ORM/SSS + 1 wrinkle normal) · Body 4K · Outfit 4K · Hair 2K · Eyes 1K,main,yes,assets/characters/story-cast/SK_CHR_IdrisKaan_Outfit_Wounded.blend,Greybox built,,M1.03
SK_CHR_IdrisKaan_Outfit_ScratchedArmor,1,CST-006,Sgt. Idris Kaan,CST,Outfit,Scratched Directorate Armor,Main,"EXO_Humanoid (UE5 mannequin-compatible), adult, athletic",1.83 m tall,50000,25000,10000,3000,Head 4K (BC/N/ORM/SSS + 1 wrinkle normal) · Body 4K · Outfit 4K · Hair 2K · Eyes 1K,main,yes,assets/characters/story-cast/SK_CHR_IdrisKaan_Outfit_ScratchedArmor.blend,Greybox built,,Acts I–II
SK_CHR_IdrisKaan_Outfit_GuardCaptain,1,CST-006,Sgt. Idris Kaan,CST,Outfit,Guard Captain,Main,"EXO_Humanoid (UE5 mannequin-compatible), adult, athletic",1.83 m tall,50000,25000,10000,3000,Head 4K (BC/N/ORM/SSS + 1 wrinkle normal) · Body 4K · Outfit 4K · Hair 2K · Eyes 1K,main,yes,assets/characters/story-cast/SK_CHR_IdrisKaan_Outfit_GuardCaptain.blend,Greybox built,,Acts III–IV
SK_CHR_IdrisKaan_Hair_Crop,1,CST-006,Sgt. Idris Kaan,CST,Hair,Close crop (cards),Main,"EXO_Humanoid (UE5 mannequin-compatible), adult, athletic",1.83 m tall,30000,15000,6000,1800,Head 4K (BC/N/ORM/SSS + 1 wrinkle normal) · Body 4K · Outfit 4K · Hair 2K · Eyes 1K,main,yes,assets/characters/story-cast/SK_CHR_IdrisKaan_Hair_Crop.blend,Greybox built,,
SK_CHR_IdrisKaan_Hair_Stubble,1,CST-006,Sgt. Idris Kaan,CST,Hair,Stubble (shells),Main,"EXO_Humanoid (UE5 mannequin-compatible), adult, athletic",1.83 m tall,30000,15000,6000,1800,Head 4K (BC/N/ORM/SSS + 1 wrinkle normal) · Body 4K · Outfit 4K · Hair 2K · Eyes 1K,main,yes,assets/characters/story-cast/SK_CHR_IdrisKaan_Hair_Stubble.blend,Greybox built,,
SK_CHR_Kestrel,1,CST-007,KESTREL,CST,Base,Base body + head (default outfit and hair for budget checks),Hologram,EXO_Hologram,1.20 m,20000,10000,4000,1200,Emissive line atlas 1K · noise mask 512,none,no,assets/characters/story-cast/SK_CHR_Kestrel.blend,Greybox built,,"Includes head, body skin and the default outfit and hair when checking the full-character budget."
SK_CHR_Kestrel_Presence,1,CST-007,KESTREL,CST,Variant,Form 2 — the kestrel head of light lines (holo tables),Hologram,EXO_Hologram,1.20 m,20000,10000,4000,1200,Emissive line atlas 1K · noise mask 512,none,no,assets/characters/story-cast/SK_CHR_Kestrel_Presence.blend,Greybox built,,
SK_CHR_Kestrel_Mind,1,CST-007,KESTREL,CST,Variant,Form 3 — the humanoid light figure in the Loom (blend shape from Presence),Hologram,EXO_Hologram,1.20 m,20000,10000,4000,1200,Emissive line atlas 1K · noise mask 512,none,no,assets/characters/story-cast/SK_CHR_Kestrel_Mind.blend,Greybox built,,
SK_CHR_Kestrel_Seed,1,CST-007,KESTREL,CST,Variant,"The small, childlike KESTREL's Seed from the endings",Hologram,EXO_Hologram,1.20 m,20000,10000,4000,1200,Emissive line atlas 1K · noise mask 512,none,no,assets/characters/story-cast/SK_CHR_Kestrel_Seed.blend,Greybox built,,
SK_CHR_OyeAdeyemi,1,CST-008,"Captain Oyelaran ""Oye"" Adeyemi",CST,Base,Base body + head (default outfit and hair for budget checks),Main,"EXO_Humanoid (UE5 mannequin-compatible), adult, average build",1.80 m tall,110000,55000,22000,6600,Head 4K (BC/N/ORM/SSS + 1 wrinkle normal) · Body 4K · Outfit 4K · Hair 2K · Eyes 1K,main,yes,assets/characters/story-cast/SK_CHR_OyeAdeyemi.blend,Greybox built,,"Includes head, body skin and the default outfit and hair when checking the full-character budget."
SK_CHR_OyeAdeyemi_Outfit_CaptainCoat,1,CST-008,"Captain Oyelaran ""Oye"" Adeyemi",CST,Outfit,Captain's Coat,Main,"EXO_Humanoid (UE5 mannequin-compatible), adult, average build",1.80 m tall,50000,25000,10000,3000,Head 4K (BC/N/ORM/SSS + 1 wrinkle normal) · Body 4K · Outfit 4K · Hair 2K · Eyes 1K,main,yes,assets/characters/story-cast/SK_CHR_OyeAdeyemi_Outfit_CaptainCoat.blend,Greybox built,,Act III–IV
SK_CHR_OyeAdeyemi_Outfit_HaulerEVA,1,CST-008,"Captain Oyelaran ""Oye"" Adeyemi",CST,Outfit,Patched Hauler EVA,Main,"EXO_Humanoid (UE5 mannequin-compatible), adult, average build",1.80 m tall,50000,25000,10000,3000,Head 4K (BC/N/ORM/SSS + 1 wrinkle normal) · Body 4K · Outfit 4K · Hair 2K · Eyes 1K,main,yes,assets/characters/story-cast/SK_CHR_OyeAdeyemi_Outfit_HaulerEVA.blend,Greybox built,,Act III–IV (EVA)
SK_CHR_OyeAdeyemi_Hair_Beard,1,CST-008,"Captain Oyelaran ""Oye"" Adeyemi",CST,Hair,Short beard (cards),Main,"EXO_Humanoid (UE5 mannequin-compatible), adult, average build",1.80 m tall,30000,15000,6000,1800,Head 4K (BC/N/ORM/SSS + 1 wrinkle normal) · Body 4K · Outfit 4K · Hair 2K · Eyes 1K,main,yes,assets/characters/story-cast/SK_CHR_OyeAdeyemi_Hair_Beard.blend,Greybox built,,
SK_CHR_HalvardCrane,1,CST-009,Director Halvard Crane,CST,Base,Base body + head (default outfit and hair for budget checks),Hero,"EXO_Humanoid (UE5 mannequin-compatible), adult, slim",1.86 m tall,160000,80000,32000,9600,Head 4K (BC/N/ORM/SSS + 2 wrinkle normals) · Body 4K · Outfit 2× 4K · Hair 4K · Eyes 2K · Teeth & tongue 1K,hero,yes,assets/characters/story-cast/SK_CHR_HalvardCrane.blend,Greybox built,,"Includes head, body skin and the default outfit and hair when checking the full-character budget."
SK_CHR_HalvardCrane_Outfit_WhiteSuit,1,CST-009,Director Halvard Crane,CST,Outfit,White Suit,Hero,"EXO_Humanoid (UE5 mannequin-compatible), adult, slim",1.86 m tall,85000,42500,17000,5100,Head 4K (BC/N/ORM/SSS + 2 wrinkle normals) · Body 4K · Outfit 2× 4K · Hair 4K · Eyes 2K · Teeth & tongue 1K,hero,yes,assets/characters/story-cast/SK_CHR_HalvardCrane_Outfit_WhiteSuit.blend,Greybox built,,"Cold open, broadcasts"
SK_CHR_HalvardCrane_Outfit_MissionControl2068,1,CST-009,Director Halvard Crane,CST,Outfit,Mission Control 2068,Hero,"EXO_Humanoid (UE5 mannequin-compatible), adult, slim",1.86 m tall,85000,42500,17000,5100,Head 4K (BC/N/ORM/SSS + 2 wrinkle normals) · Body 4K · Outfit 2× 4K · Hair 4K · Eyes 2K · Teeth & tongue 1K,hero,yes,assets/characters/story-cast/SK_CHR_HalvardCrane_Outfit_MissionControl2068.blend,Greybox built,,Cold open
SK_CHR_HalvardCrane_Hair_SweptBack,1,CST-009,Director Halvard Crane,CST,Hair,Swept back (cards),Hero,"EXO_Humanoid (UE5 mannequin-compatible), adult, slim",1.86 m tall,40000,20000,8000,2400,Head 4K (BC/N/ORM/SSS + 2 wrinkle normals) · Body 4K · Outfit 2× 4K · Hair 4K · Eyes 2K · Teeth & tongue 1K,hero,yes,assets/characters/story-cast/SK_CHR_HalvardCrane_Hair_SweptBack.blend,Greybox built,,
SK_CHR_MotherSable,1,CST-010,Mother Sable,CST,Base,Base body + head (default outfit and hair for budget checks),Main,"EXO_Humanoid (UE5 mannequin-compatible), adult, average build",1.63 m tall,110000,55000,22000,6600,Head 4K (BC/N/ORM/SSS + 1 wrinkle normal) · Body 4K · Outfit 4K · Hair 2K · Eyes 1K,main,yes,assets/characters/story-cast/SK_CHR_MotherSable.blend,Greybox built,,"Includes head, body skin and the default outfit and hair when checking the full-character budget."
SK_CHR_MotherSable_Outfit_ChoirRobes,1,CST-010,Mother Sable,CST,Outfit,Choir Robes,Main,"EXO_Humanoid (UE5 mannequin-compatible), adult, average build",1.63 m tall,50000,25000,10000,3000,Head 4K (BC/N/ORM/SSS + 1 wrinkle normal) · Body 4K · Outfit 4K · Hair 2K · Eyes 1K,main,yes,assets/characters/story-cast/SK_CHR_MotherSable_Outfit_ChoirRobes.blend,Greybox built,,Act III–IV
SK_CHR_MotherSable_Outfit_CandleHelmet,1,CST-010,Mother Sable,CST,Outfit,Candle-Lantern Helmet,Main,"EXO_Humanoid (UE5 mannequin-compatible), adult, average build",1.63 m tall,50000,25000,10000,3000,Head 4K (BC/N/ORM/SSS + 1 wrinkle normal) · Body 4K · Outfit 4K · Hair 2K · Eyes 1K,main,yes,assets/characters/story-cast/SK_CHR_MotherSable_Outfit_CandleHelmet.blend,Greybox built,,EVA scenes
SK_CHR_MotherSable_Hair_Braids,1,CST-010,Mother Sable,CST,Hair,Long braids with moss (cards),Main,"EXO_Humanoid (UE5 mannequin-compatible), adult, average build",1.63 m tall,30000,15000,6000,1800,Head 4K (BC/N/ORM/SSS + 1 wrinkle normal) · Body 4K · Outfit 4K · Hair 2K · Eyes 1K,main,yes,assets/characters/story-cast/SK_CHR_MotherSable_Hair_Braids.blend,Greybox built,,
SK_CHR_SanaIqbal,1,CST-011,Lt. Sana Iqbal,CST,Base,Base body + head (default outfit and hair for budget checks),Secondary,"EXO_Humanoid (UE5 mannequin-compatible), adult, average build",1.70 m tall,60000,30000,12000,3600,Head 2K · Body 2K (shared skin detail) · Outfit 2K · Hair 2K · shared eyes,secondary,no,assets/characters/story-cast/SK_CHR_SanaIqbal.blend,Greybox built,,"Includes head, body skin and the default outfit and hair when checking the full-character budget."
SK_CHR_SanaIqbal_Outfit_OfficerUniform,1,CST-011,Lt. Sana Iqbal,CST,Outfit,Directorate Officer Uniform,Secondary,"EXO_Humanoid (UE5 mannequin-compatible), adult, average build",1.70 m tall,27000,13500,5400,1620,Head 2K · Body 2K (shared skin detail) · Outfit 2K · Hair 2K · shared eyes,secondary,no,assets/characters/story-cast/SK_CHR_SanaIqbal_Outfit_OfficerUniform.blend,Greybox built,,Act III
SK_CHR_SanaIqbal_Outfit_Defector,1,CST-011,Lt. Sana Iqbal,CST,Outfit,Defector Field Kit,Secondary,"EXO_Humanoid (UE5 mannequin-compatible), adult, average build",1.70 m tall,27000,13500,5400,1620,Head 2K · Body 2K (shared skin detail) · Outfit 2K · Hair 2K · shared eyes,secondary,no,assets/characters/story-cast/SK_CHR_SanaIqbal_Outfit_Defector.blend,Greybox built,,Act III–IV
SK_CHR_SanaIqbal_Hair_Hijab,1,CST-011,Lt. Sana Iqbal,CST,Hair,Uniform-issue hijab (cloth mesh) (cloth),Secondary,"EXO_Humanoid (UE5 mannequin-compatible), adult, average build",1.70 m tall,15000,7500,3000,900,Head 2K · Body 2K (shared skin detail) · Outfit 2K · Hair 2K · shared eyes,secondary,no,assets/characters/story-cast/SK_CHR_SanaIqbal_Hair_Hijab.blend,Greybox built,,
SK_CHR_DanaMarsh,1,CST-012,Dana Marsh,CST,Base,Base body + head (default outfit and hair for budget checks),Secondary,"EXO_Humanoid (UE5 mannequin-compatible), adult, athletic",1.72 m tall,60000,30000,12000,3600,Head 2K · Body 2K (shared skin detail) · Outfit 2K · Hair 2K · shared eyes,secondary,no,assets/characters/story-cast/SK_CHR_DanaMarsh.blend,Greybox built,,"Includes head, body skin and the default outfit and hair when checking the full-character budget."
SK_CHR_DanaMarsh_Outfit_Security,1,CST-012,Dana Marsh,CST,Outfit,Kestrel Security Uniform,Secondary,"EXO_Humanoid (UE5 mannequin-compatible), adult, athletic",1.72 m tall,27000,13500,5400,1620,Head 2K · Body 2K (shared skin detail) · Outfit 2K · Hair 2K · shared eyes,secondary,no,assets/characters/story-cast/SK_CHR_DanaMarsh_Outfit_Security.blend,Greybox built,,M0.01–M0.02
SK_CHR_DanaMarsh_Hair_Ponytail,1,CST-012,Dana Marsh,CST,Hair,Ponytail (cards),Secondary,"EXO_Humanoid (UE5 mannequin-compatible), adult, athletic",1.72 m tall,15000,7500,3000,900,Head 2K · Body 2K (shared skin detail) · Outfit 2K · Hair 2K · shared eyes,secondary,no,assets/characters/story-cast/SK_CHR_DanaMarsh_Hair_Ponytail.blend,Greybox built,,
SK_CHR_DanaMarsh_Hollow,1,CST-012,Dana Marsh,CST,Variant,"Her Hollow form (M0.02): Stage-4 infection, Bloom veins, head tilted, glassy eyes; uses the Hollow shape set and Bloom attachments",Secondary,"EXO_Humanoid (UE5 mannequin-compatible), adult, athletic",1.72 m tall,60000,30000,12000,3600,Head 2K · Body 2K (shared skin detail) · Outfit 2K · Hair 2K · shared eyes,secondary,no,assets/characters/story-cast/SK_CHR_DanaMarsh_Hollow.blend,Greybox built,,
SK_CHR_RosaAlvarez,1,CST-013,Ms. Rosa Alvarez,CST,Base,Base body + head (default outfit and hair for budget checks),Secondary,"EXO_Humanoid (UE5 mannequin-compatible), adult, average build",1.65 m tall,60000,30000,12000,3600,Head 2K · Body 2K (shared skin detail) · Outfit 2K · Hair 2K · shared eyes,secondary,no,assets/characters/story-cast/SK_CHR_RosaAlvarez.blend,Greybox built,,"Includes head, body skin and the default outfit and hair when checking the full-character budget."
SK_CHR_RosaAlvarez_Outfit_Teacher,1,CST-013,Ms. Rosa Alvarez,CST,Outfit,Teacher,Secondary,"EXO_Humanoid (UE5 mannequin-compatible), adult, average build",1.65 m tall,27000,13500,5400,1620,Head 2K · Body 2K (shared skin detail) · Outfit 2K · Hair 2K · shared eyes,secondary,no,assets/characters/story-cast/SK_CHR_RosaAlvarez_Outfit_Teacher.blend,Greybox built,,M1.02
SK_CHR_RosaAlvarez_Hair_CurlsClip,1,CST-013,Ms. Rosa Alvarez,CST,Hair,Greying curls in a clip (cards),Secondary,"EXO_Humanoid (UE5 mannequin-compatible), adult, average build",1.65 m tall,15000,7500,3000,900,Head 2K · Body 2K (shared skin detail) · Outfit 2K · Hair 2K · shared eyes,secondary,no,assets/characters/story-cast/SK_CHR_RosaAlvarez_Hair_CurlsClip.blend,Greybox built,,
SK_CHR_RosaAlvarez_Hollow,1,CST-013,Ms. Rosa Alvarez,CST,Variant,Her Hollow form at the whiteboard (M1.02); non-aggressive idle until the player gets close,Secondary,"EXO_Humanoid (UE5 mannequin-compatible), adult, average build",1.65 m tall,60000,30000,12000,3600,Head 2K · Body 2K (shared skin detail) · Outfit 2K · Hair 2K · shared eyes,secondary,no,assets/characters/story-cast/SK_CHR_RosaAlvarez_Hollow.blend,Greybox built,,
SK_NPC_DannyRuiz,1,NOT-001,Danny Ruiz,NOT,Base,Base body + head (default outfit and hair for budget checks),Secondary,"EXO_Humanoid (UE5 mannequin-compatible), adult, broad / heavy",1.75 m tall,60000,30000,12000,3600,Head 2K · Body 2K (shared skin detail) · Outfit 2K · Hair 2K · shared eyes,secondary,no,assets/characters/notable-survivors/SK_NPC_DannyRuiz.blend,Greybox built,,"Includes head, body skin and the default outfit and hair when checking the full-character budget."
SK_NPC_DannyRuiz_Outfit_Signature,1,NOT-001,Danny Ruiz,NOT,Outfit,Diner Whites,Secondary,"EXO_Humanoid (UE5 mannequin-compatible), adult, broad / heavy",1.75 m tall,27000,13500,5400,1620,Head 2K · Body 2K (shared skin detail) · Outfit 2K · Hair 2K · shared eyes,secondary,no,assets/characters/notable-survivors/SK_NPC_DannyRuiz_Outfit_Signature.blend,Greybox built,,From recruitment
SK_NPC_DannyRuiz_Outfit_ColonyWear,1,NOT-001,Danny Ruiz,NOT,Outfit,Colony Wear,Secondary,"EXO_Humanoid (UE5 mannequin-compatible), adult, broad / heavy",1.75 m tall,27000,13500,5400,1620,Head 2K · Body 2K (shared skin detail) · Outfit 2K · Hair 2K · shared eyes,secondary,no,assets/characters/notable-survivors/SK_NPC_DannyRuiz_Outfit_ColonyWear.blend,Greybox built,,Act II+
SK_NPC_DannyRuiz_Hair_Signature,1,NOT-001,Danny Ruiz,NOT,Hair,"Slicked-back black hair, greying at the temples (cards)",Secondary,"EXO_Humanoid (UE5 mannequin-compatible), adult, broad / heavy",1.75 m tall,15000,7500,3000,900,Head 2K · Body 2K (shared skin detail) · Outfit 2K · Hair 2K · shared eyes,secondary,no,assets/characters/notable-survivors/SK_NPC_DannyRuiz_Hair_Signature.blend,Greybox built,,
SK_NPC_PriyaNair,1,NOT-002,Priya Nair,NOT,Base,Base body + head (default outfit and hair for budget checks),Secondary,"EXO_Humanoid (UE5 mannequin-compatible), adult, slim",1.62 m tall,60000,30000,12000,3600,Head 2K · Body 2K (shared skin detail) · Outfit 2K · Hair 2K · shared eyes,secondary,no,assets/characters/notable-survivors/SK_NPC_PriyaNair.blend,Greybox built,,"Includes head, body skin and the default outfit and hair when checking the full-character budget."
SK_NPC_PriyaNair_Outfit_Signature,1,NOT-002,Priya Nair,NOT,Outfit,Tower Shift,Secondary,"EXO_Humanoid (UE5 mannequin-compatible), adult, slim",1.62 m tall,27000,13500,5400,1620,Head 2K · Body 2K (shared skin detail) · Outfit 2K · Hair 2K · shared eyes,secondary,no,assets/characters/notable-survivors/SK_NPC_PriyaNair_Outfit_Signature.blend,Greybox built,,From recruitment
SK_NPC_PriyaNair_Outfit_ColonyWear,1,NOT-002,Priya Nair,NOT,Outfit,Colony Wear,Secondary,"EXO_Humanoid (UE5 mannequin-compatible), adult, slim",1.62 m tall,27000,13500,5400,1620,Head 2K · Body 2K (shared skin detail) · Outfit 2K · Hair 2K · shared eyes,secondary,no,assets/characters/notable-survivors/SK_NPC_PriyaNair_Outfit_ColonyWear.blend,Greybox built,,Act II+
SK_NPC_PriyaNair_Hair_Signature,1,NOT-002,Priya Nair,NOT,Hair,Long black hair in a practical braid (cards),Secondary,"EXO_Humanoid (UE5 mannequin-compatible), adult, slim",1.62 m tall,15000,7500,3000,900,Head 2K · Body 2K (shared skin detail) · Outfit 2K · Hair 2K · shared eyes,secondary,no,assets/characters/notable-survivors/SK_NPC_PriyaNair_Hair_Signature.blend,Greybox built,,
SK_NPC_WaltHennessey,1,NOT-003,Walt Hennessey,NOT,Base,Base body + head (default outfit and hair for budget checks),Secondary,"EXO_Humanoid (UE5 mannequin-compatible), elder (stooped posture in animation)",1.76 m tall,60000,30000,12000,3600,Head 2K · Body 2K (shared skin detail) · Outfit 2K · Hair 2K · shared eyes,secondary,no,assets/characters/notable-survivors/SK_NPC_WaltHennessey.blend,Greybox built,,"Includes head, body skin and the default outfit and hair when checking the full-character budget."
SK_NPC_WaltHennessey_Outfit_Signature,1,NOT-003,Walt Hennessey,NOT,Outfit,Old Flight Jacket,Secondary,"EXO_Humanoid (UE5 mannequin-compatible), elder (stooped posture in animation)",1.76 m tall,27000,13500,5400,1620,Head 2K · Body 2K (shared skin detail) · Outfit 2K · Hair 2K · shared eyes,secondary,no,assets/characters/notable-survivors/SK_NPC_WaltHennessey_Outfit_Signature.blend,Greybox built,,From recruitment
SK_NPC_WaltHennessey_Outfit_ColonyWear,1,NOT-003,Walt Hennessey,NOT,Outfit,Colony Wear,Secondary,"EXO_Humanoid (UE5 mannequin-compatible), elder (stooped posture in animation)",1.76 m tall,27000,13500,5400,1620,Head 2K · Body 2K (shared skin detail) · Outfit 2K · Hair 2K · shared eyes,secondary,no,assets/characters/notable-survivors/SK_NPC_WaltHennessey_Outfit_ColonyWear.blend,Greybox built,,Act II+
SK_NPC_WaltHennessey_Hair_Signature,1,NOT-003,Walt Hennessey,NOT,Hair,"Thin white hair, neatly combed (cards)",Secondary,"EXO_Humanoid (UE5 mannequin-compatible), elder (stooped posture in animation)",1.76 m tall,15000,7500,3000,900,Head 2K · Body 2K (shared skin detail) · Outfit 2K · Hair 2K · shared eyes,secondary,no,assets/characters/notable-survivors/SK_NPC_WaltHennessey_Hair_Signature.blend,Greybox built,,
SK_NPC_AiyanaTwoRivers,1,NOT-004,Aiyana Two Rivers,NOT,Base,Base body + head (default outfit and hair for budget checks),Secondary,"EXO_Humanoid (UE5 mannequin-compatible), adult, athletic",1.69 m tall,60000,30000,12000,3600,Head 2K · Body 2K (shared skin detail) · Outfit 2K · Hair 2K · shared eyes,secondary,no,assets/characters/notable-survivors/SK_NPC_AiyanaTwoRivers.blend,Greybox built,,"Includes head, body skin and the default outfit and hair when checking the full-character budget."
SK_NPC_AiyanaTwoRivers_Outfit_Signature,1,NOT-004,Aiyana Two Rivers,NOT,Outfit,Ranger Uniform,Secondary,"EXO_Humanoid (UE5 mannequin-compatible), adult, athletic",1.69 m tall,27000,13500,5400,1620,Head 2K · Body 2K (shared skin detail) · Outfit 2K · Hair 2K · shared eyes,secondary,no,assets/characters/notable-survivors/SK_NPC_AiyanaTwoRivers_Outfit_Signature.blend,Greybox built,,From recruitment
SK_NPC_AiyanaTwoRivers_Outfit_ColonyWear,1,NOT-004,Aiyana Two Rivers,NOT,Outfit,Colony Wear,Secondary,"EXO_Humanoid (UE5 mannequin-compatible), adult, athletic",1.69 m tall,27000,13500,5400,1620,Head 2K · Body 2K (shared skin detail) · Outfit 2K · Hair 2K · shared eyes,secondary,no,assets/characters/notable-survivors/SK_NPC_AiyanaTwoRivers_Outfit_ColonyWear.blend,Greybox built,,Act II+
SK_NPC_AiyanaTwoRivers_Hair_Signature,1,NOT-004,Aiyana Two Rivers,NOT,Hair,Long black hair in a low braid (cards),Secondary,"EXO_Humanoid (UE5 mannequin-compatible), adult, athletic",1.69 m tall,15000,7500,3000,900,Head 2K · Body 2K (shared skin detail) · Outfit 2K · Hair 2K · shared eyes,secondary,no,assets/characters/notable-survivors/SK_NPC_AiyanaTwoRivers_Hair_Signature.blend,Greybox built,,
SK_NPC_MarcusWebb,1,NOT-005,Marcus Webb,NOT,Base,Base body + head (default outfit and hair for budget checks),Secondary,"EXO_Humanoid (UE5 mannequin-compatible), adult, average build",1.85 m tall,60000,30000,12000,3600,Head 2K · Body 2K (shared skin detail) · Outfit 2K · Hair 2K · shared eyes,secondary,no,assets/characters/notable-survivors/SK_NPC_MarcusWebb.blend,Greybox built,,"Includes head, body skin and the default outfit and hair when checking the full-character budget."
SK_NPC_MarcusWebb_Outfit_Signature,1,NOT-005,Marcus Webb,NOT,Outfit,Teacher's Cardigan,Secondary,"EXO_Humanoid (UE5 mannequin-compatible), adult, average build",1.85 m tall,27000,13500,5400,1620,Head 2K · Body 2K (shared skin detail) · Outfit 2K · Hair 2K · shared eyes,secondary,no,assets/characters/notable-survivors/SK_NPC_MarcusWebb_Outfit_Signature.blend,Greybox built,,From recruitment
SK_NPC_MarcusWebb_Outfit_ColonyWear,1,NOT-005,Marcus Webb,NOT,Outfit,Colony Wear,Secondary,"EXO_Humanoid (UE5 mannequin-compatible), adult, average build",1.85 m tall,27000,13500,5400,1620,Head 2K · Body 2K (shared skin detail) · Outfit 2K · Hair 2K · shared eyes,secondary,no,assets/characters/notable-survivors/SK_NPC_MarcusWebb_Outfit_ColonyWear.blend,Greybox built,,Act II+
SK_NPC_MarcusWebb_Hair_Signature,1,NOT-005,Marcus Webb,NOT,Hair,Short cropped hair (cards),Secondary,"EXO_Humanoid (UE5 mannequin-compatible), adult, average build",1.85 m tall,15000,7500,3000,900,Head 2K · Body 2K (shared skin detail) · Outfit 2K · Hair 2K · shared eyes,secondary,no,assets/characters/notable-survivors/SK_NPC_MarcusWebb_Hair_Signature.blend,Greybox built,,
SK_NPC_JoelWebb,1,NOT-006,Joel Webb,NOT,Base,Base body + head (default outfit and hair for budget checks),Secondary,"EXO_Humanoid (UE5 mannequin-compatible), adult, slim",1.73 m tall,60000,30000,12000,3600,Head 2K · Body 2K (shared skin detail) · Outfit 2K · Hair 2K · shared eyes,secondary,no,assets/characters/notable-survivors/SK_NPC_JoelWebb.blend,Greybox built,,"Includes head, body skin and the default outfit and hair when checking the full-character budget."
SK_NPC_JoelWebb_Outfit_Signature,1,NOT-006,Joel Webb,NOT,Outfit,Scrubs & Hoodie,Secondary,"EXO_Humanoid (UE5 mannequin-compatible), adult, slim",1.73 m tall,27000,13500,5400,1620,Head 2K · Body 2K (shared skin detail) · Outfit 2K · Hair 2K · shared eyes,secondary,no,assets/characters/notable-survivors/SK_NPC_JoelWebb_Outfit_Signature.blend,Greybox built,,From recruitment
SK_NPC_JoelWebb_Outfit_ColonyWear,1,NOT-006,Joel Webb,NOT,Outfit,Colony Wear,Secondary,"EXO_Humanoid (UE5 mannequin-compatible), adult, slim",1.73 m tall,27000,13500,5400,1620,Head 2K · Body 2K (shared skin detail) · Outfit 2K · Hair 2K · shared eyes,secondary,no,assets/characters/notable-survivors/SK_NPC_JoelWebb_Outfit_ColonyWear.blend,Greybox built,,Act II+
SK_NPC_JoelWebb_Hair_Signature,1,NOT-006,Joel Webb,NOT,Hair,"Curly red hair, short (cards)",Secondary,"EXO_Humanoid (UE5 mannequin-compatible), adult, slim",1.73 m tall,15000,7500,3000,900,Head 2K · Body 2K (shared skin detail) · Outfit 2K · Hair 2K · shared eyes,secondary,no,assets/characters/notable-survivors/SK_NPC_JoelWebb_Hair_Signature.blend,Greybox built,,
SK_NPC_KenjiMori,1,NOT-007,Dr. Kenji Mori,NOT,Base,Base body + head (default outfit and hair for budget checks),Secondary,"EXO_Humanoid (UE5 mannequin-compatible), adult, average build",1.70 m tall,60000,30000,12000,3600,Head 2K · Body 2K (shared skin detail) · Outfit 2K · Hair 2K · shared eyes,secondary,no,assets/characters/notable-survivors/SK_NPC_KenjiMori.blend,Greybox built,,"Includes head, body skin and the default outfit and hair when checking the full-character budget."
SK_NPC_KenjiMori_Outfit_Signature,1,NOT-007,Dr. Kenji Mori,NOT,Outfit,Vet Coat,Secondary,"EXO_Humanoid (UE5 mannequin-compatible), adult, average build",1.70 m tall,27000,13500,5400,1620,Head 2K · Body 2K (shared skin detail) · Outfit 2K · Hair 2K · shared eyes,secondary,no,assets/characters/notable-survivors/SK_NPC_KenjiMori_Outfit_Signature.blend,Greybox built,,From recruitment
SK_NPC_KenjiMori_Outfit_ColonyWear,1,NOT-007,Dr. Kenji Mori,NOT,Outfit,Colony Wear,Secondary,"EXO_Humanoid (UE5 mannequin-compatible), adult, average build",1.70 m tall,27000,13500,5400,1620,Head 2K · Body 2K (shared skin detail) · Outfit 2K · Hair 2K · shared eyes,secondary,no,assets/characters/notable-survivors/SK_NPC_KenjiMori_Outfit_ColonyWear.blend,Greybox built,,Act II+
SK_NPC_KenjiMori_Hair_Signature,1,NOT-007,Dr. Kenji Mori,NOT,Hair,"Salt-and-pepper, short and messy (cards)",Secondary,"EXO_Humanoid (UE5 mannequin-compatible), adult, average build",1.70 m tall,15000,7500,3000,900,Head 2K · Body 2K (shared skin detail) · Outfit 2K · Hair 2K · shared eyes,secondary,no,assets/characters/notable-survivors/SK_NPC_KenjiMori_Hair_Signature.blend,Greybox built,,
SK_NPC_RosaDelgado,1,NOT-008,Rosa Delgado,NOT,Base,Base body + head (default outfit and hair for budget checks),Secondary,"EXO_Humanoid (UE5 mannequin-compatible), adult, broad / heavy",1.60 m tall,60000,30000,12000,3600,Head 2K · Body 2K (shared skin detail) · Outfit 2K · Hair 2K · shared eyes,secondary,no,assets/characters/notable-survivors/SK_NPC_RosaDelgado.blend,Greybox built,,"Includes head, body skin and the default outfit and hair when checking the full-character budget."
SK_NPC_RosaDelgado_Outfit_Signature,1,NOT-008,Rosa Delgado,NOT,Outfit,Welder's Apron,Secondary,"EXO_Humanoid (UE5 mannequin-compatible), adult, broad / heavy",1.60 m tall,27000,13500,5400,1620,Head 2K · Body 2K (shared skin detail) · Outfit 2K · Hair 2K · shared eyes,secondary,no,assets/characters/notable-survivors/SK_NPC_RosaDelgado_Outfit_Signature.blend,Greybox built,,From recruitment
SK_NPC_RosaDelgado_Outfit_ColonyWear,1,NOT-008,Rosa Delgado,NOT,Outfit,Colony Wear,Secondary,"EXO_Humanoid (UE5 mannequin-compatible), adult, broad / heavy",1.60 m tall,27000,13500,5400,1620,Head 2K · Body 2K (shared skin detail) · Outfit 2K · Hair 2K · shared eyes,secondary,no,assets/characters/notable-survivors/SK_NPC_RosaDelgado_Outfit_ColonyWear.blend,Greybox built,,Act II+
SK_NPC_RosaDelgado_Hair_Signature,1,NOT-008,Rosa Delgado,NOT,Hair,Short grey pixie cut (cards),Secondary,"EXO_Humanoid (UE5 mannequin-compatible), adult, broad / heavy",1.60 m tall,15000,7500,3000,900,Head 2K · Body 2K (shared skin detail) · Outfit 2K · Hair 2K · shared eyes,secondary,no,assets/characters/notable-survivors/SK_NPC_RosaDelgado_Hair_Signature.blend,Greybox built,,
SK_NPC_TheoPark,1,NOT-009,Theo Park,NOT,Base,Base body + head (default outfit and hair for budget checks),Secondary,"EXO_Humanoid (UE5 mannequin-compatible), teen (13–17)",1.72 m tall,60000,30000,12000,3600,Head 2K · Body 2K (shared skin detail) · Outfit 2K · Hair 2K · shared eyes,secondary,no,assets/characters/notable-survivors/SK_NPC_TheoPark.blend,Greybox built,,"Includes head, body skin and the default outfit and hair when checking the full-character budget."
SK_NPC_TheoPark_Outfit_Signature,1,NOT-009,Theo Park,NOT,Outfit,Skater,Secondary,"EXO_Humanoid (UE5 mannequin-compatible), teen (13–17)",1.72 m tall,27000,13500,5400,1620,Head 2K · Body 2K (shared skin detail) · Outfit 2K · Hair 2K · shared eyes,secondary,no,assets/characters/notable-survivors/SK_NPC_TheoPark_Outfit_Signature.blend,Greybox built,,From recruitment
SK_NPC_TheoPark_Outfit_ColonyWear,1,NOT-009,Theo Park,NOT,Outfit,Colony Wear,Secondary,"EXO_Humanoid (UE5 mannequin-compatible), teen (13–17)",1.72 m tall,27000,13500,5400,1620,Head 2K · Body 2K (shared skin detail) · Outfit 2K · Hair 2K · shared eyes,secondary,no,assets/characters/notable-survivors/SK_NPC_TheoPark_Outfit_ColonyWear.blend,Greybox built,,Act II+
SK_NPC_TheoPark_Hair_Signature,1,NOT-009,Theo Park,NOT,Hair,Dyed-blue shaggy hair fading out (cards),Secondary,"EXO_Humanoid (UE5 mannequin-compatible), teen (13–17)",1.72 m tall,15000,7500,3000,900,Head 2K · Body 2K (shared skin detail) · Outfit 2K · Hair 2K · shared eyes,secondary,no,assets/characters/notable-survivors/SK_NPC_TheoPark_Hair_Signature.blend,Greybox built,,
SK_NPC_FatimaHaddad,1,NOT-010,Fatima Haddad,NOT,Base,Base body + head (default outfit and hair for budget checks),Secondary,"EXO_Humanoid (UE5 mannequin-compatible), adult, slim",1.66 m tall,60000,30000,12000,3600,Head 2K · Body 2K (shared skin detail) · Outfit 2K · Hair 2K · shared eyes,secondary,no,assets/characters/notable-survivors/SK_NPC_FatimaHaddad.blend,Greybox built,,"Includes head, body skin and the default outfit and hair when checking the full-character budget."
SK_NPC_FatimaHaddad_Outfit_Signature,1,NOT-010,Fatima Haddad,NOT,Outfit,Radio Shack Chic,Secondary,"EXO_Humanoid (UE5 mannequin-compatible), adult, slim",1.66 m tall,27000,13500,5400,1620,Head 2K · Body 2K (shared skin detail) · Outfit 2K · Hair 2K · shared eyes,secondary,no,assets/characters/notable-survivors/SK_NPC_FatimaHaddad_Outfit_Signature.blend,Greybox built,,From recruitment
SK_NPC_FatimaHaddad_Outfit_ColonyWear,1,NOT-010,Fatima Haddad,NOT,Outfit,Colony Wear,Secondary,"EXO_Humanoid (UE5 mannequin-compatible), adult, slim",1.66 m tall,27000,13500,5400,1620,Head 2K · Body 2K (shared skin detail) · Outfit 2K · Hair 2K · shared eyes,secondary,no,assets/characters/notable-survivors/SK_NPC_FatimaHaddad_Outfit_ColonyWear.blend,Greybox built,,Act II+
SK_NPC_FatimaHaddad_Hair_Signature,1,NOT-010,Fatima Haddad,NOT,Hair,Curly dark hair in a messy bun under the headphones (cards),Secondary,"EXO_Humanoid (UE5 mannequin-compatible), adult, slim",1.66 m tall,15000,7500,3000,900,Head 2K · Body 2K (shared skin detail) · Outfit 2K · Hair 2K · shared eyes,secondary,no,assets/characters/notable-survivors/SK_NPC_FatimaHaddad_Hair_Signature.blend,Greybox built,,
SK_NPC_MauriceJackson,1,NOT-011,"Maurice ""Big Mo"" Jackson",NOT,Base,Base body + head (default outfit and hair for budget checks),Secondary,"EXO_Humanoid (UE5 mannequin-compatible), adult, broad / heavy",1.93 m tall,60000,30000,12000,3600,Head 2K · Body 2K (shared skin detail) · Outfit 2K · Hair 2K · shared eyes,secondary,no,assets/characters/notable-survivors/SK_NPC_MauriceJackson.blend,Greybox built,,"Includes head, body skin and the default outfit and hair when checking the full-character budget."
SK_NPC_MauriceJackson_Outfit_Signature,1,NOT-011,"Maurice ""Big Mo"" Jackson",NOT,Outfit,Long-Haul,Secondary,"EXO_Humanoid (UE5 mannequin-compatible), adult, broad / heavy",1.93 m tall,27000,13500,5400,1620,Head 2K · Body 2K (shared skin detail) · Outfit 2K · Hair 2K · shared eyes,secondary,no,assets/characters/notable-survivors/SK_NPC_MauriceJackson_Outfit_Signature.blend,Greybox built,,From recruitment
SK_NPC_MauriceJackson_Outfit_ColonyWear,1,NOT-011,"Maurice ""Big Mo"" Jackson",NOT,Outfit,Colony Wear,Secondary,"EXO_Humanoid (UE5 mannequin-compatible), adult, broad / heavy",1.93 m tall,27000,13500,5400,1620,Head 2K · Body 2K (shared skin detail) · Outfit 2K · Hair 2K · shared eyes,secondary,no,assets/characters/notable-survivors/SK_NPC_MauriceJackson_Outfit_ColonyWear.blend,Greybox built,,Act II+
SK_NPC_MauriceJackson_Hair_Signature,1,NOT-011,"Maurice ""Big Mo"" Jackson",NOT,Hair,Shaved head under the cap; grey goatee (cards),Secondary,"EXO_Humanoid (UE5 mannequin-compatible), adult, broad / heavy",1.93 m tall,15000,7500,3000,900,Head 2K · Body 2K (shared skin detail) · Outfit 2K · Hair 2K · shared eyes,secondary,no,assets/characters/notable-survivors/SK_NPC_MauriceJackson_Hair_Signature.blend,Greybox built,,
SK_NPC_HannahLindqvist,1,NOT-012,Hannah Lindqvist,NOT,Base,Base body + head (default outfit and hair for budget checks),Secondary,"EXO_Humanoid (UE5 mannequin-compatible), adult, athletic",1.78 m tall,60000,30000,12000,3600,Head 2K · Body 2K (shared skin detail) · Outfit 2K · Hair 2K · shared eyes,secondary,no,assets/characters/notable-survivors/SK_NPC_HannahLindqvist.blend,Greybox built,,"Includes head, body skin and the default outfit and hair when checking the full-character budget."
SK_NPC_HannahLindqvist_Outfit_Signature,1,NOT-012,Hannah Lindqvist,NOT,Outfit,Mine Coveralls,Secondary,"EXO_Humanoid (UE5 mannequin-compatible), adult, athletic",1.78 m tall,27000,13500,5400,1620,Head 2K · Body 2K (shared skin detail) · Outfit 2K · Hair 2K · shared eyes,secondary,no,assets/characters/notable-survivors/SK_NPC_HannahLindqvist_Outfit_Signature.blend,Greybox built,,From recruitment
SK_NPC_HannahLindqvist_Outfit_ColonyWear,1,NOT-012,Hannah Lindqvist,NOT,Outfit,Colony Wear,Secondary,"EXO_Humanoid (UE5 mannequin-compatible), adult, athletic",1.78 m tall,27000,13500,5400,1620,Head 2K · Body 2K (shared skin detail) · Outfit 2K · Hair 2K · shared eyes,secondary,no,assets/characters/notable-survivors/SK_NPC_HannahLindqvist_Outfit_ColonyWear.blend,Greybox built,,Act II+
SK_NPC_HannahLindqvist_Hair_Signature,1,NOT-012,Hannah Lindqvist,NOT,Hair,Blond hair in a tight French braid (cards),Secondary,"EXO_Humanoid (UE5 mannequin-compatible), adult, athletic",1.78 m tall,15000,7500,3000,900,Head 2K · Body 2K (shared skin detail) · Outfit 2K · Hair 2K · shared eyes,secondary,no,assets/characters/notable-survivors/SK_NPC_HannahLindqvist_Hair_Signature.blend,Greybox built,,
SK_ENM_Shambler,1,HOL-001,Shambler,HOL,Base,Base body + head (default outfit and hair for budget checks),Enemy,"EXO_Humanoid (UE5 mannequin-compatible), adult, average build",1.75 m tall,35000,17500,7000,2100,Hollow base 2K (from the survivor body it was) · shared Bloom overlay atlas 2K,hollow,no,assets/characters/hollows-and-constructs/SK_ENM_Shambler.blend,Greybox built,,"Includes head, body skin and the default outfit and hair when checking the full-character budget."
SK_ENM_Shambler_Civilian,1,HOL-001,Shambler,HOL,Variant,Earth civilian outfits,Enemy,"EXO_Humanoid (UE5 mannequin-compatible), adult, average build",1.75 m tall,35000,17500,7000,2100,Hollow base 2K (from the survivor body it was) · shared Bloom overlay atlas 2K,hollow,no,assets/characters/hollows-and-constructs/SK_ENM_Shambler_Civilian.blend,Greybox built,,
SK_ENM_Shambler_KestrelCrew,1,HOL-001,Shambler,HOL,Variant,Kestrel coveralls and uniforms,Enemy,"EXO_Humanoid (UE5 mannequin-compatible), adult, average build",1.75 m tall,35000,17500,7000,2100,Hollow base 2K (from the survivor body it was) · shared Bloom overlay atlas 2K,hollow,no,assets/characters/hollows-and-constructs/SK_ENM_Shambler_KestrelCrew.blend,Greybox built,,
SK_ENM_Shambler_Directorate,1,HOL-001,Shambler,HOL,Variant,Directorate armor and fatigues,Enemy,"EXO_Humanoid (UE5 mannequin-compatible), adult, average build",1.75 m tall,35000,17500,7000,2100,Hollow base 2K (from the survivor body it was) · shared Bloom overlay atlas 2K,hollow,no,assets/characters/hollows-and-constructs/SK_ENM_Shambler_Directorate.blend,Greybox built,,
SK_ENM_Shambler_Miner,1,HOL-001,Shambler,HOL,Variant,"Hi-vis and mining gear (Tycho, Silver Ridge)",Enemy,"EXO_Humanoid (UE5 mannequin-compatible), adult, average build",1.75 m tall,35000,17500,7000,2100,Hollow base 2K (from the survivor body it was) · shared Bloom overlay atlas 2K,hollow,no,assets/characters/hollows-and-constructs/SK_ENM_Shambler_Miner.blend,Greybox built,,
SK_ENM_Shambler_Hauler,1,HOL-001,Shambler,HOL,Variant,Hauler coveralls (the Drift),Enemy,"EXO_Humanoid (UE5 mannequin-compatible), adult, average build",1.75 m tall,35000,17500,7000,2100,Hollow base 2K (from the survivor body it was) · shared Bloom overlay atlas 2K,hollow,no,assets/characters/hollows-and-constructs/SK_ENM_Shambler_Hauler.blend,Greybox built,,
SK_ENM_Runner,1,HOL-002,Runner,HOL,Base,Base body + head (default outfit and hair for budget checks),Enemy,"EXO_Humanoid (UE5 mannequin-compatible), adult, athletic",1.78 m tall,35000,17500,7000,2100,Hollow base 2K (from the survivor body it was) · shared Bloom overlay atlas 2K,hollow,no,assets/characters/hollows-and-constructs/SK_ENM_Runner.blend,Greybox built,,"Includes head, body skin and the default outfit and hair when checking the full-character budget."
SK_ENM_Crawler,1,HOL-003,Crawler,HOL,Base,Base body + head (default outfit and hair for budget checks),Enemy,"EXO_Humanoid (UE5 mannequin-compatible), adult, average build",1.70 m tall,35000,17500,7000,2100,Hollow base 2K (from the survivor body it was) · shared Bloom overlay atlas 2K,hollow,no,assets/characters/hollows-and-constructs/SK_ENM_Crawler.blend,Greybox built,,"Includes head, body skin and the default outfit and hair when checking the full-character budget."
SK_ENM_Screamer,1,HOL-004,Screamer,HOL,Base,Base body + head (default outfit and hair for budget checks),Elite,"EXO_Humanoid (UE5 mannequin-compatible), adult, slim",1.80 m tall,60000,30000,12000,3600,Unique 4K body set · shared Bloom overlay atlas 2K · 2K plating/growth set,hollow,no,assets/characters/hollows-and-constructs/SK_ENM_Screamer.blend,Greybox built,,"Includes head, body skin and the default outfit and hair when checking the full-character budget."
SK_ENM_Bloater,1,HOL-005,Bloater,HOL,Base,Base body + head (default outfit and hair for budget checks),Elite,"EXO_Humanoid (UE5 mannequin-compatible), adult, broad / heavy",1.76 m tall,60000,30000,12000,3600,Unique 4K body set · shared Bloom overlay atlas 2K · 2K plating/growth set,hollow,no,assets/characters/hollows-and-constructs/SK_ENM_Bloater.blend,Greybox built,,"Includes head, body skin and the default outfit and hair when checking the full-character budget."
SK_ENM_Brute,1,HOL-006,Brute,HOL,Base,Base body + head (default outfit and hair for budget checks),Elite,"EXO_Humanoid (UE5 mannequin-compatible), hollow brute (overgrown)",2.60 m tall,60000,30000,12000,3600,Unique 4K body set · shared Bloom overlay atlas 2K · 2K plating/growth set,hollow,no,assets/characters/hollows-and-constructs/SK_ENM_Brute.blend,Greybox built,,"Includes head, body skin and the default outfit and hair when checking the full-character budget."
SK_ENM_Drifter,1,HOL-007,Drifter,HOL,Base,Base body + head (default outfit and hair for budget checks),Enemy,"EXO_Humanoid (UE5 mannequin-compatible), adult, average build",1.82 m tall,35000,17500,7000,2100,Hollow base 2K (from the survivor body it was) · shared Bloom overlay atlas 2K,hollow,no,assets/characters/hollows-and-constructs/SK_ENM_Drifter.blend,Greybox built,,"Includes head, body skin and the default outfit and hair when checking the full-character budget."
SK_ENM_Burrower,1,HOL-008,Burrower,HOL,Base,Base body + head (default outfit and hair for budget checks),Elite,"EXO_Humanoid (UE5 mannequin-compatible), adult, broad / heavy",1.60 m tall,60000,30000,12000,3600,Unique 4K body set · shared Bloom overlay atlas 2K · 2K plating/growth set,hollow,no,assets/characters/hollows-and-constructs/SK_ENM_Burrower.blend,Greybox built,,"Includes head, body skin and the default outfit and hair when checking the full-character budget."
SK_ENM_Mimic,1,HOL-009,Mimic,HOL,Base,Base body + head (default outfit and hair for budget checks),Elite,"EXO_Humanoid (UE5 mannequin-compatible), adult, average build",1.74 m tall,60000,30000,12000,3600,Unique 4K body set · shared Bloom overlay atlas 2K · 2K plating/growth set,secondary,no,assets/characters/hollows-and-constructs/SK_ENM_Mimic.blend,Greybox built,,"Includes head, body skin and the default outfit and hair when checking the full-character budget."
SK_ENM_HuskTitan,1,HOL-010,Husk Titan,HOL,Base,Base body + head (default outfit and hair for budget checks),Boss,"EXO_Humanoid (UE5 mannequin-compatible), colossal (husk titan)",18.00 m tall,180000,90000,36000,10800,"Unique 4K sets ×4 (body, armor/growth, head, FX masks)",hero,no,assets/characters/hollows-and-constructs/SK_ENM_HuskTitan.blend,Greybox built,,"Includes head, body skin and the default outfit and hair when checking the full-character budget."
SK_ENM_Stalker,1,HOL-011,Stalker,HOL,Base,Base body + head (default outfit and hair for budget checks),Creature-L,EXO_Quadruped,"1.40 m at the shoulder, 3.20 m long",80000,40000,16000,4800,Body 4K · head 2K · shared Bloom overlay 2K (for Bloom variants),creature,no,assets/characters/hollows-and-constructs/SK_ENM_Stalker.blend,Greybox built,,"Includes head, body skin and the default outfit and hair when checking the full-character budget."
SK_ENM_HiveMite,1,HOL-012,Hive Mite,HOL,Base,Base body + head (default outfit and hair for budget checks),Creature-S,EXO_Flyer (quadruped + wing chains),"0.06 m at the shoulder, 0.12 m long, 0.16 m wingspan",15000,7500,3000,900,Body 2K (atlased per kit),creature,no,assets/characters/hollows-and-constructs/SK_ENM_HiveMite.blend,Greybox built,,"Includes head, body skin and the default outfit and hair when checking the full-character budget."
SK_ENM_SowerWarden,1,HOL-013,Sower Warden,HOL,Base,Base body + head (default outfit and hair for budget checks),Elite,"EXO_Humanoid (UE5 mannequin-compatible), exo-frame / construct",3.20 m tall,60000,30000,12000,3600,Unique 4K body set · shared Bloom overlay atlas 2K · 2K plating/growth set,hollow,no,assets/characters/hollows-and-constructs/SK_ENM_SowerWarden.blend,Greybox built,,"Includes head, body skin and the default outfit and hair when checking the full-character budget."
SK_NPC_DirectorateTrooper,1,FAC-001,Directorate Trooper,FAC,Base,Base body + head (default outfit and hair for budget checks),Crowd,"EXO_Humanoid (UE5 mannequin-compatible), adult, athletic",1.82 m tall,30000,15000,6000,1800,Shared 2K head atlases (48 heads) · modular outfit pieces 1K–2K · shared hair atlases,crowd,no,assets/characters/faction-units/SK_NPC_DirectorateTrooper.blend,Greybox built,,"Includes head, body skin and the default outfit and hair when checking the full-character budget."
SK_NPC_DirectorateTrooper_Outfit_Standard,1,FAC-001,Directorate Trooper,FAC,Outfit,Trooper Armor,Crowd,"EXO_Humanoid (UE5 mannequin-compatible), adult, athletic",1.82 m tall,16000,8000,3200,960,Shared 2K head atlases (48 heads) · modular outfit pieces 1K–2K · shared hair atlases,crowd,no,assets/characters/faction-units/SK_NPC_DirectorateTrooper_Outfit_Standard.blend,Greybox built,,Act I+
SK_NPC_DirectorateTrooper_Female,1,FAC-001,Directorate Trooper,FAC,Variant,Female body variant,Crowd,"EXO_Humanoid (UE5 mannequin-compatible), adult, athletic",1.82 m tall,30000,15000,6000,1800,Shared 2K head atlases (48 heads) · modular outfit pieces 1K–2K · shared hair atlases,crowd,no,assets/characters/faction-units/SK_NPC_DirectorateTrooper_Female.blend,Greybox built,,
SK_NPC_DirectorateTrooper_Damaged,1,FAC-001,Directorate Trooper,FAC,Variant,"Scorched and cracked armor (Meridian, Convergence)",Crowd,"EXO_Humanoid (UE5 mannequin-compatible), adult, athletic",1.82 m tall,30000,15000,6000,1800,Shared 2K head atlases (48 heads) · modular outfit pieces 1K–2K · shared hair atlases,crowd,no,assets/characters/faction-units/SK_NPC_DirectorateTrooper_Damaged.blend,Greybox built,,
SK_NPC_DirectorateEnforcer,1,FAC-002,Directorate Enforcer,FAC,Base,Base body + head (default outfit and hair for budget checks),Elite,"EXO_Humanoid (UE5 mannequin-compatible), hollow brute (overgrown)",2.05 m tall,60000,30000,12000,3600,Unique 4K body set · shared Bloom overlay atlas 2K · 2K plating/growth set,hollow,no,assets/characters/faction-units/SK_NPC_DirectorateEnforcer.blend,Greybox built,,"Includes head, body skin and the default outfit and hair when checking the full-character budget."
SK_NPC_DirectorateEnforcer_Outfit_Standard,1,FAC-002,Directorate Enforcer,FAC,Outfit,Enforcer Armor,Elite,"EXO_Humanoid (UE5 mannequin-compatible), hollow brute (overgrown)",2.05 m tall,35000,17500,7000,2100,Unique 4K body set · shared Bloom overlay atlas 2K · 2K plating/growth set,hollow,no,assets/characters/faction-units/SK_NPC_DirectorateEnforcer_Outfit_Standard.blend,Greybox built,,Act I+
SK_NPC_DirectorateMedic,1,FAC-003,Directorate Medic,FAC,Base,Base body + head (default outfit and hair for budget checks),Crowd,"EXO_Humanoid (UE5 mannequin-compatible), adult, average build",1.75 m tall,30000,15000,6000,1800,Shared 2K head atlases (48 heads) · modular outfit pieces 1K–2K · shared hair atlases,crowd,no,assets/characters/faction-units/SK_NPC_DirectorateMedic.blend,Greybox built,,"Includes head, body skin and the default outfit and hair when checking the full-character budget."
SK_NPC_DirectorateMedic_Outfit_Standard,1,FAC-003,Directorate Medic,FAC,Outfit,Medic Armor,Crowd,"EXO_Humanoid (UE5 mannequin-compatible), adult, average build",1.75 m tall,16000,8000,3200,960,Shared 2K head atlases (48 heads) · modular outfit pieces 1K–2K · shared hair atlases,crowd,no,assets/characters/faction-units/SK_NPC_DirectorateMedic_Outfit_Standard.blend,Greybox built,,Act I+
SK_NPC_DirectorateOfficer,1,FAC-004,Directorate Officer,FAC,Base,Base body + head (default outfit and hair for budget checks),Secondary,"EXO_Humanoid (UE5 mannequin-compatible), adult, average build",1.80 m tall,60000,30000,12000,3600,Head 2K · Body 2K (shared skin detail) · Outfit 2K · Hair 2K · shared eyes,secondary,no,assets/characters/faction-units/SK_NPC_DirectorateOfficer.blend,Greybox built,,"Includes head, body skin and the default outfit and hair when checking the full-character budget."
SK_NPC_DirectorateOfficer_Outfit_Standard,1,FAC-004,Directorate Officer,FAC,Outfit,Officer Uniform,Secondary,"EXO_Humanoid (UE5 mannequin-compatible), adult, average build",1.80 m tall,27000,13500,5400,1620,Head 2K · Body 2K (shared skin detail) · Outfit 2K · Hair 2K · shared eyes,secondary,no,assets/characters/faction-units/SK_NPC_DirectorateOfficer_Outfit_Standard.blend,Greybox built,,Act I+
SK_NPC_DirectoratePilot,1,FAC-005,Directorate Pilot,FAC,Base,Base body + head (default outfit and hair for budget checks),Crowd,"EXO_Humanoid (UE5 mannequin-compatible), adult, average build",1.76 m tall,30000,15000,6000,1800,Shared 2K head atlases (48 heads) · modular outfit pieces 1K–2K · shared hair atlases,crowd,no,assets/characters/faction-units/SK_NPC_DirectoratePilot.blend,Greybox built,,"Includes head, body skin and the default outfit and hair when checking the full-character budget."
SK_NPC_DirectoratePilot_Outfit_Standard,1,FAC-005,Directorate Pilot,FAC,Outfit,Flight Suit,Crowd,"EXO_Humanoid (UE5 mannequin-compatible), adult, average build",1.76 m tall,16000,8000,3200,960,Shared 2K head atlases (48 heads) · modular outfit pieces 1K–2K · shared hair atlases,crowd,no,assets/characters/faction-units/SK_NPC_DirectoratePilot_Outfit_Standard.blend,Greybox built,,Act I+
SK_NPC_DirectorateCleanupCrew,1,FAC-006,Directorate Cleanup Crew,FAC,Base,Base body + head (default outfit and hair for budget checks),Crowd,"EXO_Humanoid (UE5 mannequin-compatible), adult, average build",1.78 m tall,30000,15000,6000,1800,Shared 2K head atlases (48 heads) · modular outfit pieces 1K–2K · shared hair atlases,crowd,no,assets/characters/faction-units/SK_NPC_DirectorateCleanupCrew.blend,Greybox built,,"Includes head, body skin and the default outfit and hair when checking the full-character budget."
SK_NPC_DirectorateCleanupCrew_Outfit_Standard,1,FAC-006,Directorate Cleanup Crew,FAC,Outfit,Cleanup Hazmat,Crowd,"EXO_Humanoid (UE5 mannequin-compatible), adult, average build",1.78 m tall,16000,8000,3200,960,Shared 2K head atlases (48 heads) · modular outfit pieces 1K–2K · shared hair atlases,crowd,no,assets/characters/faction-units/SK_NPC_DirectorateCleanupCrew_Outfit_Standard.blend,Greybox built,,Act I+
SK_NPC_DirectorateSentinelDrone,1,FAC-007,Directorate Sentinel Drone,FAC,Base,Base body + head (default outfit and hair for budget checks),Creature-S,EXO_Drone,0.80 m,15000,7500,3000,900,Body 2K (atlased per kit),creature,no,assets/characters/faction-units/SK_NPC_DirectorateSentinelDrone.blend,Greybox built,,"Includes head, body skin and the default outfit and hair when checking the full-character budget."
SK_NPC_DirectorateSentinelDrone_Outfit_Standard,1,FAC-007,Directorate Sentinel Drone,FAC,Outfit,Drone Shell,Creature-S,EXO_Drone,0.80 m,12000,6000,2400,720,Body 2K (atlased per kit),creature,no,assets/characters/faction-units/SK_NPC_DirectorateSentinelDrone_Outfit_Standard.blend,Greybox built,,Act I+
SK_NPC_ChoirPilgrim,1,FAC-008,Choir Pilgrim,FAC,Base,Base body + head (default outfit and hair for budget checks),Crowd,"EXO_Humanoid (UE5 mannequin-compatible), adult, average build",1.72 m tall,30000,15000,6000,1800,Shared 2K head atlases (48 heads) · modular outfit pieces 1K–2K · shared hair atlases,crowd,no,assets/characters/faction-units/SK_NPC_ChoirPilgrim.blend,Greybox built,,"Includes head, body skin and the default outfit and hair when checking the full-character budget."
SK_NPC_ChoirPilgrim_Outfit_Standard,1,FAC-008,Choir Pilgrim,FAC,Outfit,Pilgrim Robes,Crowd,"EXO_Humanoid (UE5 mannequin-compatible), adult, average build",1.72 m tall,16000,8000,3200,960,Shared 2K head atlases (48 heads) · modular outfit pieces 1K–2K · shared hair atlases,crowd,no,assets/characters/faction-units/SK_NPC_ChoirPilgrim_Outfit_Standard.blend,Greybox built,,Act I+
SK_NPC_ChoirWarden,1,FAC-009,Choir Warden,FAC,Base,Base body + head (default outfit and hair for budget checks),Secondary,"EXO_Humanoid (UE5 mannequin-compatible), adult, broad / heavy",1.85 m tall,60000,30000,12000,3600,Head 2K · Body 2K (shared skin detail) · Outfit 2K · Hair 2K · shared eyes,secondary,no,assets/characters/faction-units/SK_NPC_ChoirWarden.blend,Greybox built,,"Includes head, body skin and the default outfit and hair when checking the full-character budget."
SK_NPC_ChoirWarden_Outfit_Standard,1,FAC-009,Choir Warden,FAC,Outfit,Warden Robes,Secondary,"EXO_Humanoid (UE5 mannequin-compatible), adult, broad / heavy",1.85 m tall,27000,13500,5400,1620,Head 2K · Body 2K (shared skin detail) · Outfit 2K · Hair 2K · shared eyes,secondary,no,assets/characters/faction-units/SK_NPC_ChoirWarden_Outfit_Standard.blend,Greybox built,,Act I+
SK_NPC_HaulerDeckhand,1,FAC-010,Hauler Deckhand,FAC,Base,Base body + head (default outfit and hair for budget checks),Crowd,"EXO_Humanoid (UE5 mannequin-compatible), adult, average build",1.78 m tall,30000,15000,6000,1800,Shared 2K head atlases (48 heads) · modular outfit pieces 1K–2K · shared hair atlases,crowd,no,assets/characters/faction-units/SK_NPC_HaulerDeckhand.blend,Greybox built,,"Includes head, body skin and the default outfit and hair when checking the full-character budget."
SK_NPC_HaulerDeckhand_Outfit_Standard,1,FAC-010,Hauler Deckhand,FAC,Outfit,Hauler Coveralls,Crowd,"EXO_Humanoid (UE5 mannequin-compatible), adult, average build",1.78 m tall,16000,8000,3200,960,Shared 2K head atlases (48 heads) · modular outfit pieces 1K–2K · shared hair atlases,crowd,no,assets/characters/faction-units/SK_NPC_HaulerDeckhand_Outfit_Standard.blend,Greybox built,,Act I+
SK_NPC_HaulerTrader,1,FAC-011,Hauler Trader,FAC,Base,Base body + head (default outfit and hair for budget checks),Secondary,"EXO_Humanoid (UE5 mannequin-compatible), adult, average build",1.74 m tall,60000,30000,12000,3600,Head 2K · Body 2K (shared skin detail) · Outfit 2K · Hair 2K · shared eyes,secondary,no,assets/characters/faction-units/SK_NPC_HaulerTrader.blend,Greybox built,,"Includes head, body skin and the default outfit and hair when checking the full-character budget."
SK_NPC_HaulerTrader_Outfit_Standard,1,FAC-011,Hauler Trader,FAC,Outfit,Trader Coat,Secondary,"EXO_Humanoid (UE5 mannequin-compatible), adult, average build",1.74 m tall,27000,13500,5400,1620,Head 2K · Body 2K (shared skin detail) · Outfit 2K · Hair 2K · shared eyes,secondary,no,assets/characters/faction-units/SK_NPC_HaulerTrader_Outfit_Standard.blend,Greybox built,,Act I+
SK_ENM_AdaSeraphExoframe,1,BOS-001,Ada — Seraph Exo-frame,BOS,Base,Base body + head (default outfit and hair for budget checks),Boss,"EXO_Humanoid (UE5 mannequin-compatible), exo-frame / construct",3.00 m tall,180000,90000,36000,10800,"Unique 4K sets ×4 (body, armor/growth, head, FX masks)",hero,yes,assets/characters/bosses/SK_ENM_AdaSeraphExoframe.blend,Greybox built,,"Includes head, body skin and the default outfit and hair when checking the full-character budget."
SK_ENM_AdaSeraphExoframe_Outfit_Phase1,1,BOS-001,Ada — Seraph Exo-frame,BOS,Outfit,Full Armor,Boss,"EXO_Humanoid (UE5 mannequin-compatible), exo-frame / construct",3.00 m tall,75000,37500,15000,4500,"Unique 4K sets ×4 (body, armor/growth, head, FX masks)",hero,yes,assets/characters/bosses/SK_ENM_AdaSeraphExoframe_Outfit_Phase1.blend,Greybox built,,M4.03
SK_ENM_AdaSeraphExoframe_Outfit_Phase2,1,BOS-001,Ada — Seraph Exo-frame,BOS,Outfit,Torn Armor,Boss,"EXO_Humanoid (UE5 mannequin-compatible), exo-frame / construct",3.00 m tall,75000,37500,15000,4500,"Unique 4K sets ×4 (body, armor/growth, head, FX masks)",hero,yes,assets/characters/bosses/SK_ENM_AdaSeraphExoframe_Outfit_Phase2.blend,Greybox built,,M4.03
SK_ENM_CraneDirector,1,BOS-002,Crane — The Director,BOS,Base,Base body + head (default outfit and hair for budget checks),Boss,"EXO_Humanoid (UE5 mannequin-compatible), adult, athletic",2.05 m tall,180000,90000,36000,10800,"Unique 4K sets ×4 (body, armor/growth, head, FX masks)",hero,yes,assets/characters/bosses/SK_ENM_CraneDirector.blend,Greybox built,,"Includes head, body skin and the default outfit and hair when checking the full-character budget."
SK_ENM_CraneDirector_Outfit_AugmentedArmor,1,BOS-002,Crane — The Director,BOS,Outfit,Augmented Armor,Boss,"EXO_Humanoid (UE5 mannequin-compatible), adult, athletic",2.05 m tall,75000,37500,15000,4500,"Unique 4K sets ×4 (body, armor/growth, head, FX masks)",hero,yes,assets/characters/bosses/SK_ENM_CraneDirector_Outfit_AugmentedArmor.blend,Greybox built,,M4.04
SK_ENM_CraneGraft,1,BOS-003,Crane — The Graft,BOS,Base,Base body + head (default outfit and hair for budget checks),Boss,"EXO_Humanoid (UE5 mannequin-compatible), hollow brute (overgrown)",2.40 m tall,180000,90000,36000,10800,"Unique 4K sets ×4 (body, armor/growth, head, FX masks)",hero,yes,assets/characters/bosses/SK_ENM_CraneGraft.blend,Greybox built,,"Includes head, body skin and the default outfit and hair when checking the full-character budget."
SK_ENM_CraneGraft_Outfit_GraftArmor,1,BOS-003,Crane — The Graft,BOS,Outfit,Graft,Boss,"EXO_Humanoid (UE5 mannequin-compatible), hollow brute (overgrown)",2.40 m tall,75000,37500,15000,4500,"Unique 4K sets ×4 (body, armor/growth, head, FX masks)",hero,yes,assets/characters/bosses/SK_ENM_CraneGraft_Outfit_GraftArmor.blend,Greybox built,,M4.04
SK_ENM_CraneBonsai,1,BOS-004,Crane — The Bonsai,BOS,Base,Base body + head (default outfit and hair for budget checks),Boss,"EXO_Humanoid (UE5 mannequin-compatible), colossal (husk titan)",12.00 m tall,180000,90000,36000,10800,"Unique 4K sets ×4 (body, armor/growth, head, FX masks)",hero,yes,assets/characters/bosses/SK_ENM_CraneBonsai.blend,Greybox built,,"Includes head, body skin and the default outfit and hair when checking the full-character budget."
SK_ENM_CraneBonsai_Outfit_Spectral,1,BOS-004,Crane — The Bonsai,BOS,Outfit,Spectral Gardener,Boss,"EXO_Humanoid (UE5 mannequin-compatible), colossal (husk titan)",12.00 m tall,75000,37500,15000,4500,"Unique 4K sets ×4 (body, armor/growth, head, FX masks)",hero,yes,assets/characters/bosses/SK_ENM_CraneBonsai_Outfit_Spectral.blend,Greybox built,,M4.04
SK_CRE_TessariAdult,1,CRE-001,Tessari (Adult),CRE,Base,Base body + head (default outfit and hair for budget checks),Creature-L,EXO_Hexapod,"3.60 m at the shoulder, 7.00 m long",80000,40000,16000,4800,Body 4K · head 2K · shared Bloom overlay 2K (for Bloom variants),creature,no,assets/characters/creatures-and-fauna/SK_CRE_TessariAdult.blend,Greybox built,,"Includes head, body skin and the default outfit and hair when checking the full-character budget."
SK_CRE_TessariAdult_Bloomed,1,CRE-001,Tessari (Adult),CRE,Variant,Dying Tessari overgrown by the Garden Engine's Bloom (Veyra before healing),Creature-L,EXO_Hexapod,"3.60 m at the shoulder, 7.00 m long",80000,40000,16000,4800,Body 4K · head 2K · shared Bloom overlay 2K (for Bloom variants),creature,no,assets/characters/creatures-and-fauna/SK_CRE_TessariAdult_Bloomed.blend,Greybox built,,
SK_CRE_TessariCalf,1,CRE-002,Tessari (Calf),CRE,Base,Base body + head (default outfit and hair for budget checks),Creature-L,EXO_Hexapod,"1.60 m at the shoulder, 3.00 m long",80000,40000,16000,4800,Body 4K · head 2K · shared Bloom overlay 2K (for Bloom variants),creature,no,assets/characters/creatures-and-fauna/SK_CRE_TessariCalf.blend,Greybox built,,"Includes head, body skin and the default outfit and hair when checking the full-character budget."
SK_CRE_Dog,1,CRE-003,Dog,CRE,Base,Base body + head (default outfit and hair for budget checks),Creature-S,EXO_Quadruped,"0.55 m at the shoulder, 0.95 m long",15000,7500,3000,900,Body 2K (atlased per kit),creature,no,assets/characters/creatures-and-fauna/SK_CRE_Dog.blend,Greybox built,,"Includes head, body skin and the default outfit and hair when checking the full-character budget."
SK_CRE_Dog_Shepherd,1,CRE-003,Dog,CRE,Variant,Shepherd mix,Creature-S,EXO_Quadruped,"0.55 m at the shoulder, 0.95 m long",15000,7500,3000,900,Body 2K (atlased per kit),creature,no,assets/characters/creatures-and-fauna/SK_CRE_Dog_Shepherd.blend,Greybox built,,
SK_CRE_Dog_Terrier,1,CRE-003,Dog,CRE,Variant,Scruffy terrier mix,Creature-S,EXO_Quadruped,"0.55 m at the shoulder, 0.95 m long",15000,7500,3000,900,Body 2K (atlased per kit),creature,no,assets/characters/creatures-and-fauna/SK_CRE_Dog_Terrier.blend,Greybox built,,
SK_CRE_Dog_Hound,1,CRE-003,Dog,CRE,Variant,Lean hound mix,Creature-S,EXO_Quadruped,"0.55 m at the shoulder, 0.95 m long",15000,7500,3000,900,Body 2K (atlased per kit),creature,no,assets/characters/creatures-and-fauna/SK_CRE_Dog_Hound.blend,Greybox built,,
SK_CRE_Coyote,1,CRE-004,Coyote,CRE,Base,Base body + head (default outfit and hair for budget checks),Creature-S,EXO_Quadruped,"0.60 m at the shoulder, 1.10 m long",15000,7500,3000,900,Body 2K (atlased per kit),creature,no,assets/characters/creatures-and-fauna/SK_CRE_Coyote.blend,Greybox built,,"Includes head, body skin and the default outfit and hair when checking the full-character budget."
SK_CRE_Coyote_Hollow,1,CRE-004,Coyote,CRE,Variant,"Bloom-mutated: spine ridges, split jaw, glowing eyes (Hollow Coyote, hp 140)",Creature-S,EXO_Quadruped,"0.60 m at the shoulder, 1.10 m long",15000,7500,3000,900,Body 2K (atlased per kit),creature,no,assets/characters/creatures-and-fauna/SK_CRE_Coyote_Hollow.blend,Greybox built,,
SK_CRE_Crow,1,CRE-005,Crow,CRE,Base,Base body + head (default outfit and hair for budget checks),Creature-S,EXO_Flyer (quadruped + wing chains),"0.12 m at the shoulder, 0.35 m long, 0.80 m wingspan",15000,7500,3000,900,Body 2K (atlased per kit),creature,no,assets/characters/creatures-and-fauna/SK_CRE_Crow.blend,Greybox built,,"Includes head, body skin and the default outfit and hair when checking the full-character budget."
SK_CRE_Jackrabbit,1,CRE-006,Jackrabbit,CRE,Base,Base body + head (default outfit and hair for budget checks),Creature-S,EXO_Quadruped,"0.25 m at the shoulder, 0.50 m long",15000,7500,3000,900,Body 2K (atlased per kit),creature,no,assets/characters/creatures-and-fauna/SK_CRE_Jackrabbit.blend,Greybox built,,"Includes head, body skin and the default outfit and hair when checking the full-character budget."
SK_CRE_WildHorse,1,CRE-007,Wild Horse,CRE,Base,Base body + head (default outfit and hair for budget checks),Creature-L,EXO_Quadruped,"1.50 m at the shoulder, 2.40 m long",80000,40000,16000,4800,Body 4K · head 2K · shared Bloom overlay 2K (for Bloom variants),creature,no,assets/characters/creatures-and-fauna/SK_CRE_WildHorse.blend,Greybox built,,"Includes head, body skin and the default outfit and hair when checking the full-character budget."
SK_CRE_FaunaKitGrazer,1,CRE-008,Fauna Kit — Grazer,CRE,Base,Base body + head (default outfit and hair for budget checks),Creature-L,EXO_Quadruped,"1.80 m at the shoulder, 3.50 m long",80000,40000,16000,4800,Body 4K · head 2K · shared Bloom overlay 2K (for Bloom variants),creature,no,assets/characters/creatures-and-fauna/SK_CRE_FaunaKitGrazer.blend,Greybox built,,"Includes head, body skin and the default outfit and hair when checking the full-character budget."
SK_CRE_FaunaKitGrazer_Bodies_##,6,CRE-008,Fauna Kit — Grazer,CRE,Kit module,Bodies (×6),Creature-L,EXO_Quadruped,"1.80 m at the shoulder, 3.50 m long",36000,18000,7200,2160,Body 4K · head 2K · shared Bloom overlay 2K (for Bloom variants),creature,no,assets/characters/creatures-and-fauna/SK_CRE_FaunaKitGrazer_Bodies.blend,Greybox built,,
SK_CRE_FaunaKitGrazer_Heads_##,10,CRE-008,Fauna Kit — Grazer,CRE,Kit module,Heads (×10),Creature-L,EXO_Quadruped,"1.80 m at the shoulder, 3.50 m long",16000,8000,3200,960,Body 4K · head 2K · shared Bloom overlay 2K (for Bloom variants),creature,no,assets/characters/creatures-and-fauna/SK_CRE_FaunaKitGrazer_Heads.blend,Greybox built,,
SK_CRE_FaunaKitGrazer_Legs_##,6,CRE-008,Fauna Kit — Grazer,CRE,Kit module,Legs (×6),Creature-L,EXO_Quadruped,"1.80 m at the shoulder, 3.50 m long",16000,8000,3200,960,Body 4K · head 2K · shared Bloom overlay 2K (for Bloom variants),creature,no,assets/characters/creatures-and-fauna/SK_CRE_FaunaKitGrazer_Legs.blend,Greybox built,,
SK_CRE_FaunaKitGrazer_Tails_##,6,CRE-008,Fauna Kit — Grazer,CRE,Kit module,Tails (×6),Creature-L,EXO_Quadruped,"1.80 m at the shoulder, 3.50 m long",8000,4000,1600,480,Body 4K · head 2K · shared Bloom overlay 2K (for Bloom variants),creature,no,assets/characters/creatures-and-fauna/SK_CRE_FaunaKitGrazer_Tails.blend,Greybox built,,
SK_CRE_FaunaKitGrazer_HornsAndCrests_##,12,CRE-008,Fauna Kit — Grazer,CRE,Kit module,Horns and crests (×12),Creature-L,EXO_Quadruped,"1.80 m at the shoulder, 3.50 m long",6400,3200,1280,384,Body 4K · head 2K · shared Bloom overlay 2K (for Bloom variants),creature,no,assets/characters/creatures-and-fauna/SK_CRE_FaunaKitGrazer_HornsAndCrests.blend,Greybox built,,
T_CRE_FaunaKitGrazer_PatternMasks_##,16,CRE-008,Fauna Kit — Grazer,CRE,Kit texture,"Pattern masks (×16, 2K masks, no mesh)",Creature-L,EXO_Quadruped,"1.80 m at the shoulder, 3.50 m long",0,0,0,0,Body 4K · head 2K · shared Bloom overlay 2K (for Bloom variants),creature,no,assets/characters/creatures-and-fauna/T_CRE_FaunaKitGrazer_PatternMasks.blend,Greybox built,,
SK_CRE_FaunaKitPredator,1,CRE-009,Fauna Kit — Predator,CRE,Base,Base body + head (default outfit and hair for budget checks),Creature-L,EXO_Quadruped,"1.40 m at the shoulder, 3.20 m long",80000,40000,16000,4800,Body 4K · head 2K · shared Bloom overlay 2K (for Bloom variants),creature,no,assets/characters/creatures-and-fauna/SK_CRE_FaunaKitPredator.blend,Greybox built,,"Includes head, body skin and the default outfit and hair when checking the full-character budget."
SK_CRE_FaunaKitPredator_Bodies_##,5,CRE-009,Fauna Kit — Predator,CRE,Kit module,Bodies (×5),Creature-L,EXO_Quadruped,"1.40 m at the shoulder, 3.20 m long",36000,18000,7200,2160,Body 4K · head 2K · shared Bloom overlay 2K (for Bloom variants),creature,no,assets/characters/creatures-and-fauna/SK_CRE_FaunaKitPredator_Bodies.blend,Greybox built,,
SK_CRE_FaunaKitPredator_Heads_##,8,CRE-009,Fauna Kit — Predator,CRE,Kit module,Heads (×8),Creature-L,EXO_Quadruped,"1.40 m at the shoulder, 3.20 m long",16000,8000,3200,960,Body 4K · head 2K · shared Bloom overlay 2K (for Bloom variants),creature,no,assets/characters/creatures-and-fauna/SK_CRE_FaunaKitPredator_Heads.blend,Greybox built,,
SK_CRE_FaunaKitPredator_Legs_##,5,CRE-009,Fauna Kit — Predator,CRE,Kit module,Legs (×5),Creature-L,EXO_Quadruped,"1.40 m at the shoulder, 3.20 m long",16000,8000,3200,960,Body 4K · head 2K · shared Bloom overlay 2K (for Bloom variants),creature,no,assets/characters/creatures-and-fauna/SK_CRE_FaunaKitPredator_Legs.blend,Greybox built,,
SK_CRE_FaunaKitPredator_Tails_##,5,CRE-009,Fauna Kit — Predator,CRE,Kit module,Tails (×5),Creature-L,EXO_Quadruped,"1.40 m at the shoulder, 3.20 m long",8000,4000,1600,480,Body 4K · head 2K · shared Bloom overlay 2K (for Bloom variants),creature,no,assets/characters/creatures-and-fauna/SK_CRE_FaunaKitPredator_Tails.blend,Greybox built,,
SK_CRE_FaunaKitPredator_SpinesAndFrills_##,10,CRE-009,Fauna Kit — Predator,CRE,Kit module,Spines and frills (×10),Creature-L,EXO_Quadruped,"1.40 m at the shoulder, 3.20 m long",6400,3200,1280,384,Body 4K · head 2K · shared Bloom overlay 2K (for Bloom variants),creature,no,assets/characters/creatures-and-fauna/SK_CRE_FaunaKitPredator_SpinesAndFrills.blend,Greybox built,,
T_CRE_FaunaKitPredator_PatternMasks_##,16,CRE-009,Fauna Kit — Predator,CRE,Kit texture,"Pattern masks (×16, 2K masks, no mesh)",Creature-L,EXO_Quadruped,"1.40 m at the shoulder, 3.20 m long",0,0,0,0,Body 4K · head 2K · shared Bloom overlay 2K (for Bloom variants),creature,no,assets/characters/creatures-and-fauna/T_CRE_FaunaKitPredator_PatternMasks.blend,Greybox built,,
SK_CRE_FaunaKitFlyer,1,CRE-010,Fauna Kit — Flyer,CRE,Base,Base body + head (default outfit and hair for budget checks),Creature-L,EXO_Flyer (quadruped + wing chains),"0.60 m at the shoulder, 1.40 m long, 3.20 m wingspan",80000,40000,16000,4800,Body 4K · head 2K · shared Bloom overlay 2K (for Bloom variants),creature,no,assets/characters/creatures-and-fauna/SK_CRE_FaunaKitFlyer.blend,Greybox built,,"Includes head, body skin and the default outfit and hair when checking the full-character budget."
SK_CRE_FaunaKitFlyer_Bodies_##,5,CRE-010,Fauna Kit — Flyer,CRE,Kit module,Bodies (×5),Creature-L,EXO_Flyer (quadruped + wing chains),"0.60 m at the shoulder, 1.40 m long, 3.20 m wingspan",36000,18000,7200,2160,Body 4K · head 2K · shared Bloom overlay 2K (for Bloom variants),creature,no,assets/characters/creatures-and-fauna/SK_CRE_FaunaKitFlyer_Bodies.blend,Greybox built,,
SK_CRE_FaunaKitFlyer_Heads_##,8,CRE-010,Fauna Kit — Flyer,CRE,Kit module,Heads (×8),Creature-L,EXO_Flyer (quadruped + wing chains),"0.60 m at the shoulder, 1.40 m long, 3.20 m wingspan",16000,8000,3200,960,Body 4K · head 2K · shared Bloom overlay 2K (for Bloom variants),creature,no,assets/characters/creatures-and-fauna/SK_CRE_FaunaKitFlyer_Heads.blend,Greybox built,,
SK_CRE_FaunaKitFlyer_Wings_##,8,CRE-010,Fauna Kit — Flyer,CRE,Kit module,Wings (×8),Creature-L,EXO_Flyer (quadruped + wing chains),"0.60 m at the shoulder, 1.40 m long, 3.20 m wingspan",12000,6000,2400,720,Body 4K · head 2K · shared Bloom overlay 2K (for Bloom variants),creature,no,assets/characters/creatures-and-fauna/SK_CRE_FaunaKitFlyer_Wings.blend,Greybox built,,
SK_CRE_FaunaKitFlyer_Tails_##,6,CRE-010,Fauna Kit — Flyer,CRE,Kit module,Tails (×6),Creature-L,EXO_Flyer (quadruped + wing chains),"0.60 m at the shoulder, 1.40 m long, 3.20 m wingspan",8000,4000,1600,480,Body 4K · head 2K · shared Bloom overlay 2K (for Bloom variants),creature,no,assets/characters/creatures-and-fauna/SK_CRE_FaunaKitFlyer_Tails.blend,Greybox built,,
T_CRE_FaunaKitFlyer_PatternMasks_##,12,CRE-010,Fauna Kit — Flyer,CRE,Kit texture,"Pattern masks (×12, 2K masks, no mesh)",Creature-L,EXO_Flyer (quadruped + wing chains),"0.60 m at the shoulder, 1.40 m long, 3.20 m wingspan",0,0,0,0,Body 4K · head 2K · shared Bloom overlay 2K (for Bloom variants),creature,no,assets/characters/creatures-and-fauna/T_CRE_FaunaKitFlyer_PatternMasks.blend,Greybox built,,
SK_CRE_FaunaKitBurrower,1,CRE-011,Fauna Kit — Burrower,CRE,Base,Base body + head (default outfit and hair for budget checks),Creature-L,EXO_Serpentine,4.00 m long,80000,40000,16000,4800,Body 4K · head 2K · shared Bloom overlay 2K (for Bloom variants),creature,no,assets/characters/creatures-and-fauna/SK_CRE_FaunaKitBurrower.blend,Greybox built,,"Includes head, body skin and the default outfit and hair when checking the full-character budget."
SK_CRE_FaunaKitBurrower_Bodies_##,4,CRE-011,Fauna Kit — Burrower,CRE,Kit module,Bodies (×4),Creature-L,EXO_Serpentine,4.00 m long,36000,18000,7200,2160,Body 4K · head 2K · shared Bloom overlay 2K (for Bloom variants),creature,no,assets/characters/creatures-and-fauna/SK_CRE_FaunaKitBurrower_Bodies.blend,Greybox built,,
SK_CRE_FaunaKitBurrower_Heads_##,6,CRE-011,Fauna Kit — Burrower,CRE,Kit module,Heads (×6),Creature-L,EXO_Serpentine,4.00 m long,16000,8000,3200,960,Body 4K · head 2K · shared Bloom overlay 2K (for Bloom variants),creature,no,assets/characters/creatures-and-fauna/SK_CRE_FaunaKitBurrower_Heads.blend,Greybox built,,
SK_CRE_FaunaKitBurrower_FinsAndPlates_##,8,CRE-011,Fauna Kit — Burrower,CRE,Kit module,Fins and plates (×8),Creature-L,EXO_Serpentine,4.00 m long,6400,3200,1280,384,Body 4K · head 2K · shared Bloom overlay 2K (for Bloom variants),creature,no,assets/characters/creatures-and-fauna/SK_CRE_FaunaKitBurrower_FinsAndPlates.blend,Greybox built,,
T_CRE_FaunaKitBurrower_PatternMasks_##,10,CRE-011,Fauna Kit — Burrower,CRE,Kit texture,"Pattern masks (×10, 2K masks, no mesh)",Creature-L,EXO_Serpentine,4.00 m long,0,0,0,0,Body 4K · head 2K · shared Bloom overlay 2K (for Bloom variants),creature,no,assets/characters/creatures-and-fauna/T_CRE_FaunaKitBurrower_PatternMasks.blend,Greybox built,,
SK_CRE_FaunaKitHexapod,1,CRE-012,Fauna Kit — Hexapod,CRE,Base,Base body + head (default outfit and hair for budget checks),Creature-L,EXO_Hexapod,"1.20 m at the shoulder, 2.50 m long",80000,40000,16000,4800,Body 4K · head 2K · shared Bloom overlay 2K (for Bloom variants),creature,no,assets/characters/creatures-and-fauna/SK_CRE_FaunaKitHexapod.blend,Greybox built,,"Includes head, body skin and the default outfit and hair when checking the full-character budget."
SK_CRE_FaunaKitHexapod_Bodies_##,4,CRE-012,Fauna Kit — Hexapod,CRE,Kit module,Bodies (×4),Creature-L,EXO_Hexapod,"1.20 m at the shoulder, 2.50 m long",36000,18000,7200,2160,Body 4K · head 2K · shared Bloom overlay 2K (for Bloom variants),creature,no,assets/characters/creatures-and-fauna/SK_CRE_FaunaKitHexapod_Bodies.blend,Greybox built,,
SK_CRE_FaunaKitHexapod_Heads_##,6,CRE-012,Fauna Kit — Hexapod,CRE,Kit module,Heads (×6),Creature-L,EXO_Hexapod,"1.20 m at the shoulder, 2.50 m long",16000,8000,3200,960,Body 4K · head 2K · shared Bloom overlay 2K (for Bloom variants),creature,no,assets/characters/creatures-and-fauna/SK_CRE_FaunaKitHexapod_Heads.blend,Greybox built,,
SK_CRE_FaunaKitHexapod_Legs_##,4,CRE-012,Fauna Kit — Hexapod,CRE,Kit module,Legs (×4),Creature-L,EXO_Hexapod,"1.20 m at the shoulder, 2.50 m long",16000,8000,3200,960,Body 4K · head 2K · shared Bloom overlay 2K (for Bloom variants),creature,no,assets/characters/creatures-and-fauna/SK_CRE_FaunaKitHexapod_Legs.blend,Greybox built,,
SK_CRE_FaunaKitHexapod_Carapaces_##,8,CRE-012,Fauna Kit — Hexapod,CRE,Kit module,Carapaces (×8),Creature-L,EXO_Hexapod,"1.20 m at the shoulder, 2.50 m long",6400,3200,1280,384,Body 4K · head 2K · shared Bloom overlay 2K (for Bloom variants),creature,no,assets/characters/creatures-and-fauna/SK_CRE_FaunaKitHexapod_Carapaces.blend,Greybox built,,
T_CRE_FaunaKitHexapod_PatternMasks_##,12,CRE-012,Fauna Kit — Hexapod,CRE,Kit texture,"Pattern masks (×12, 2K masks, no mesh)",Creature-L,EXO_Hexapod,"1.20 m at the shoulder, 2.50 m long",0,0,0,0,Body 4K · head 2K · shared Bloom overlay 2K (for Bloom variants),creature,no,assets/characters/creatures-and-fauna/T_CRE_FaunaKitHexapod_PatternMasks.blend,Greybox built,,
SK_CRE_GorgonopsidPermian,1,CRE-013,Gorgonopsid (Permian),CRE,Base,Base body + head (default outfit and hair for budget checks),Creature-L,EXO_Quadruped,"0.90 m at the shoulder, 3.00 m long",80000,40000,16000,4800,Body 4K · head 2K · shared Bloom overlay 2K (for Bloom variants),creature,no,assets/characters/creatures-and-fauna/SK_CRE_GorgonopsidPermian.blend,Greybox built,,"Includes head, body skin and the default outfit and hair when checking the full-character budget."
SK_CRE_GorgonopsidPermian_Bloomed,1,CRE-013,Gorgonopsid (Permian),CRE,Variant,Covered in first-harvest Bloom,Creature-L,EXO_Quadruped,"0.90 m at the shoulder, 3.00 m long",80000,40000,16000,4800,Body 4K · head 2K · shared Bloom overlay 2K (for Bloom variants),creature,no,assets/characters/creatures-and-fauna/SK_CRE_GorgonopsidPermian_Bloomed.blend,Greybox built,,
SK_CRE_DicynodontPermian,1,CRE-014,Dicynodont (Permian),CRE,Base,Base body + head (default outfit and hair for budget checks),Creature-L,EXO_Quadruped,"0.80 m at the shoulder, 2.50 m long",80000,40000,16000,4800,Body 4K · head 2K · shared Bloom overlay 2K (for Bloom variants),creature,no,assets/characters/creatures-and-fauna/SK_CRE_DicynodontPermian.blend,Greybox built,,"Includes head, body skin and the default outfit and hair when checking the full-character budget."
SK_CRE_DicynodontPermian_Bloomed,1,CRE-014,Dicynodont (Permian),CRE,Variant,Covered in first-harvest Bloom,Creature-L,EXO_Quadruped,"0.80 m at the shoulder, 2.50 m long",80000,40000,16000,4800,Body 4K · head 2K · shared Bloom overlay 2K (for Bloom variants),creature,no,assets/characters/creatures-and-fauna/SK_CRE_DicynodontPermian_Bloomed.blend,Greybox built,,
SK_CRE_DrownedChoirSinger,1,CRE-015,Drowned Choir Singer,CRE,Base,Base body + head (default outfit and hair for budget checks),Creature-L,EXO_Cetacean,"22.0 m long, 5.0 m girth",80000,40000,16000,4800,Body 4K · head 2K · shared Bloom overlay 2K (for Bloom variants),creature,no,assets/characters/creatures-and-fauna/SK_CRE_DrownedChoirSinger.blend,Greybox built,,"Includes head, body skin and the default outfit and hair when checking the full-character budget."
SK_CRE_SowerEcho,1,CRE-016,Sower Echo,CRE,Base,Base body + head (default outfit and hair for budget checks),Secondary,"EXO_Humanoid (UE5 mannequin-compatible), adult, slim",2.80 m tall,60000,30000,12000,3600,Head 2K · Body 2K (shared skin detail) · Outfit 2K · Hair 2K · shared eyes,secondary,no,assets/characters/creatures-and-fauna/SK_CRE_SowerEcho.blend,Greybox built,,"Includes head, body skin and the default outfit and hair when checking the full-character budget."
SK_NPC_OmarFarouk_Signature,1,NOT-kit,Omar Farouk,NOT,Signature piece,Pharmacy smock,Crowd,EXO_Humanoid,adult_average,8000,4000,1600,480,1K,crowd,no,assets/characters/notable-survivors/SK_NPC_OmarFarouk_Signature.blend,Greybox built,,Pharmacist
SK_NPC_BethCallahan_Signature,1,NOT-kit,Beth Callahan,NOT,Signature piece,Bus-driver windbreaker,Crowd,EXO_Humanoid,adult_broad,8000,4000,1600,480,1K,crowd,no,assets/characters/notable-survivors/SK_NPC_BethCallahan_Signature.blend,Greybox built,,School-bus driver
SK_NPC_LuisOrtega_Signature,1,NOT-kit,Luis Ortega,NOT,Signature piece,Grease-stained coveralls,Crowd,EXO_Humanoid,adult_slim,8000,4000,1600,480,1K,crowd,no,assets/characters/notable-survivors/SK_NPC_LuisOrtega_Signature.blend,Greybox built,,Apprentice mechanic (Tug's protégé)
SK_NPC_GraceLiu_Signature,1,NOT-kit,Grace Liu,NOT,Signature piece,Hoodie,Crowd,EXO_Humanoid,adult_slim,8000,4000,1600,480,1K,crowd,no,assets/characters/notable-survivors/SK_NPC_GraceLiu_Signature.blend,Greybox built,,Software engineer
SK_NPC_SamuelAdebayo_Signature,1,NOT-kit,Samuel Adebayo,NOT,Signature piece,Security uniform,Crowd,EXO_Humanoid,adult_broad,8000,4000,1600,480,1K,crowd,no,assets/characters/notable-survivors/SK_NPC_SamuelAdebayo_Signature.blend,Greybox built,,Security supervisor
SK_NPC_TanyaVolkova_Signature,1,NOT-kit,Tanya Volkova,NOT,Signature piece,Flight jacket,Crowd,EXO_Humanoid,adult_athletic,8000,4000,1600,480,1K,crowd,no,assets/characters/notable-survivors/SK_NPC_TanyaVolkova_Signature.blend,Greybox built,,Helicopter pilot
SK_NPC_EddieSparksMorales_Signature,1,NOT-kit,"Eddie ""Sparks"" Morales",NOT,Signature piece,Tool vest,Crowd,EXO_Humanoid,adult_average,8000,4000,1600,480,1K,crowd,no,assets/characters/notable-survivors/SK_NPC_EddieSparksMorales_Signature.blend,Greybox built,,Electrician
SK_NPC_JuneWhitaker_Signature,1,NOT-kit,June Whitaker,NOT,Signature piece,Cardigan,Crowd,EXO_Humanoid,elder,8000,4000,1600,480,1K,crowd,no,assets/characters/notable-survivors/SK_NPC_JuneWhitaker_Signature.blend,Greybox built,,Librarian
SK_NPC_RaviPatel_Signature,1,NOT-kit,Ravi Patel,NOT,Signature piece,Polo shirt with name tag,Crowd,EXO_Humanoid,adult_average,8000,4000,1600,480,1K,crowd,no,assets/characters/notable-survivors/SK_NPC_RaviPatel_Signature.blend,Greybox built,,Gas-station owner
SK_NPC_NoraKelly_Signature,1,NOT-kit,Nora Kelly,NOT,Signature piece,Flannel,Crowd,EXO_Humanoid,adult_athletic,8000,4000,1600,480,1K,crowd,no,assets/characters/notable-survivors/SK_NPC_NoraKelly_Signature.blend,Greybox built,,Ranch hand
SK_NPC_PeteHollis_Signature,1,NOT-kit,Pete Hollis,NOT,Signature piece,Hard hat,Crowd,EXO_Humanoid,elder,8000,4000,1600,480,1K,crowd,no,assets/characters/notable-survivors/SK_NPC_PeteHollis_Signature.blend,Greybox built,,Dam engineer
SK_NPC_IngridSRensen_Signature,1,NOT-kit,Ingrid Sørensen,NOT,Signature piece,Windbreaker,Crowd,EXO_Humanoid,adult_slim,8000,4000,1600,480,1K,crowd,no,assets/characters/notable-survivors/SK_NPC_IngridSRensen_Signature.blend,Greybox built,,Meteorologist
SK_NPC_KwameMensah_Signature,1,NOT-kit,Kwame Mensah,NOT,Signature piece,Hard hat,Crowd,EXO_Humanoid,adult_average,8000,4000,1600,480,1K,crowd,no,assets/characters/notable-survivors/SK_NPC_KwameMensah_Signature.blend,Greybox built,,Structural engineer
SK_NPC_LucyTran_Signature,1,NOT-kit,Lucy Tran,NOT,Signature piece,Oversized band T-shirt,Crowd,EXO_Humanoid,teen,8000,4000,1600,480,1K,crowd,no,assets/characters/notable-survivors/SK_NPC_LucyTran_Signature.blend,Greybox built,,High-school student
SK_NPC_AbeGoldstein_Signature,1,NOT-kit,Abe Goldstein,NOT,Signature piece,Shop apron,Crowd,EXO_Humanoid,elder,8000,4000,1600,480,1K,crowd,no,assets/characters/notable-survivors/SK_NPC_AbeGoldstein_Signature.blend,Greybox built,,Retired machinist
SK_NPC_CarmenReyes_Signature,1,NOT-kit,Carmen Reyes,NOT,Signature piece,Paramedic uniform,Crowd,EXO_Humanoid,adult_athletic,8000,4000,1600,480,1K,crowd,no,assets/characters/notable-survivors/SK_NPC_CarmenReyes_Signature.blend,Greybox built,,Paramedic
SK_NPC_DrOlgaIvanova_Signature,1,NOT-kit,Dr. Olga Ivanova,NOT,Signature piece,Haven-9 crew jumpsuit,Crowd,EXO_Humanoid,adult_slim,8000,4000,1600,480,1K,crowd,no,assets/characters/notable-survivors/SK_NPC_DrOlgaIvanova_Signature.blend,Greybox built,,Haven-9 biologist
SK_NPC_FelixBrandt_Signature,1,NOT-kit,Felix Brandt,NOT,Signature piece,Mining EVA undersuit,Crowd,EXO_Humanoid,adult_broad,8000,4000,1600,480,1K,crowd,no,assets/characters/notable-survivors/SK_NPC_FelixBrandt_Signature.blend,Greybox built,,Tycho miner
SK_NPC_DmitriPetrov_Signature,1,NOT-kit,Dmitri Petrov,NOT,Signature piece,Hauler coveralls with stickers,Crowd,EXO_Humanoid,adult_average,8000,4000,1600,480,1K,crowd,no,assets/characters/notable-survivors/SK_NPC_DmitriPetrov_Signature.blend,Greybox built,,Hauler engineer
SK_NPC_YusufKaya_Signature,1,NOT-kit,Yusuf Kaya,NOT,Signature piece,Chef's jacket over EVA undersuit,Crowd,EXO_Humanoid,adult_broad,8000,4000,1600,480,1K,crowd,no,assets/characters/notable-survivors/SK_NPC_YusufKaya_Signature.blend,Greybox built,,Hauler cook
SK_NPC_SunnyKapoor_Signature,1,NOT-kit,Sunny Kapoor,NOT,Signature piece,Vest with pins,Crowd,EXO_Humanoid,adult_slim,8000,4000,1600,480,1K,crowd,no,assets/characters/notable-survivors/SK_NPC_SunnyKapoor_Signature.blend,Greybox built,,Tortuga bartender
SK_NPC_SeleneMoreau_Signature,1,NOT-kit,Selene Moreau,NOT,Signature piece,Stitched robe over EVA,Crowd,EXO_Humanoid,adult_slim,8000,4000,1600,480,1K,crowd,no,assets/characters/notable-survivors/SK_NPC_SeleneMoreau_Signature.blend,Greybox built,,Choir defector
SK_NPC_TomasVega_Signature,1,NOT-kit,Tomas Vega,NOT,Signature piece,Undyed robe,Crowd,EXO_Humanoid,adult_average,8000,4000,1600,480,1K,crowd,no,assets/characters/notable-survivors/SK_NPC_TomasVega_Signature.blend,Greybox built,,Choir defector
SK_NPC_JadeOkonkwo_Signature,1,NOT-kit,Jade Okonkwo,NOT,Signature piece,Directorate engineering jumpsuit,Crowd,EXO_Humanoid,adult_average,8000,4000,1600,480,1K,crowd,no,assets/characters/notable-survivors/SK_NPC_JadeOkonkwo_Signature.blend,Greybox built,,Directorate engineer (defector)
SK_NPC_HectorSalazar_Signature,1,NOT-kit,Hector Salazar,NOT,Signature piece,Prisoner gown,Crowd,EXO_Humanoid,adult_slim,8000,4000,1600,480,1K,crowd,no,assets/characters/notable-survivors/SK_NPC_HectorSalazar_Signature.blend,Greybox built,,Freed Null carrier
SK_NPC_AmaraDiallo_Signature,1,NOT-kit,Amara Diallo,NOT,Signature piece,Prisoner gown,Crowd,EXO_Humanoid,teen,8000,4000,1600,480,1K,crowd,no,assets/characters/notable-survivors/SK_NPC_AmaraDiallo_Signature.blend,Greybox built,,Freed Null carrier
SK_NPC_BenHargrove_Signature,1,NOT-kit,Ben Hargrove,NOT,Signature piece,Stetson,Crowd,EXO_Humanoid,adult_broad,8000,4000,1600,480,1K,crowd,no,assets/characters/notable-survivors/SK_NPC_BenHargrove_Signature.blend,Greybox built,,Rancher
SK_NPC_MiguelChuyIbarra_Signature,1,NOT-kit,"Miguel ""Chuy"" Ibarra",NOT,Signature piece,Army combat uniform,Crowd,EXO_Humanoid,adult_slim,8000,4000,1600,480,1K,crowd,no,assets/characters/notable-survivors/SK_NPC_MiguelChuyIbarra_Signature.blend,Greybox built,,Army private
